GO.ID	Description	p.Val	FDR	Phenotype	Genes
GO:0003735	structural constituent of ribosome	2.875375984220499e-9	2.875375984220499e-9	+1	RPL18,RPL27,RPL5,RPL27A,RPS28,RPL29,RPS14,MRPL10,RPS8,RPS13,RPS24,MRPS31,MRPL37,RPL11,RPL17,RPS3A,RPS5,RPL19,RPL9,RPL10,RPS10,RPS12,RPS3,RPS20,RPS9,RPL30,RPL12,RPLP0,RPLP1,RPS6,RPLP2,RPS15A,RPS29,RPS23,RPS27L,RPS11
GO:0003779	actin binding	0.0002727870650190288	0.0002727870650190288	+1	DAAM2,ANLN,MRTFB,ADCY8,PHACTR1,MAP1A,ABLIM1,CORO1C,PFN1,PDLIM5,TMOD1,HNRNPU,LIMD2,TWF1,ABLIM2,VPS18,FMN2,PDLIM4,ACTN1,MPRIP,CAPG,TMOD2,FLNB,MARCKSL1,ACTN4,SORBS1,TAGLN,ARPC5,LCP1,ITGB1,MYH9,FLNA,TLN1,ARPC1B,EPB41,VASP,P4HB,FKBP15,MSN,TMSB4X,MYO5A,HCLS1,CAPZA1,PPP1R9B,COTL1,TAGLN2,MYO6,EVL,WASF2,PLEC,IQGAP1,INPPL1,MYO1D,TPM4,VCL,CNN3,ABI3,EZR
GO:0005198	structural molecule activity	0.04333399332491313	0.04333399332491313	+1	CRYAB,PLLP,MAP1A,RPL18,RPL27,H4C1,CD2AP,RPL5,RPL27A,RPS28,RPL29,RPS14,MRPL10,ACTN1,H2BC7,RPS8,RPS13,RPS24,MRPS31,NUP85,CRYBB1,MRPL37,RPL11,RPL17,CTBP2,RPS3A,RPS5,HAPLN4,RPL19,RPL9,RPL10,RPS10,RPS12,RPS3,RPS20,RPS9,ARPC5,RPL30,TLN1,ARPC1B,GFAP,RPL12,EPB41,MSN,APOE,RPLP0,LMNB1,NUP107,RPLP1,RPS6,ASPH,VIM,PLEC,RPLP2,MYL6,RPS15A,TPM4,VCL,RPS29,RPS23,RPS27L,RPS11
GO:0002181	cytoplasmic translation	0.00009007092194956389	0.00009007092194956389	+1	RPL18,RPL27,HNRNPU,RPL5,YBX1,RPL27A,RPS28,NMNAT2,RPL29,RPS14,RPS8,RPS13,RPS24,SH3BGRL,RPL11,RPL17,RPS3A,RPS5,RPL19,RPL9,RPL10,RPS10,RPS12,FMR1,RPS3,RPS20,RPS9,RPL30,RPL12,RPLP0,RPLP1,RPS6,RPLP2,EIF4A1,RPS15A,DHX9,RPS29,RPS23,RPS11
GO:0042274	ribosomal small subunit biogenesis	0.0006388875127136737	0.0006388875127136737	+1	RPS28,RPS14,RPS8,RPS13,RPS24,RPS3A,RPS5,RPS12,RPS9,SNU13,RPS6,RPS15A,NPM1,RPS23,RPS27L,RPS11
GO:0006954	inflammatory response	0.0025219334719702624	0.0025219334719702624	+1	TTBK1,PRKCZ,ABCC1,ADCY8,GPRC5B,CUEDC2,CX3CL1,DDT,GPR17,AHSG,NINJ1,ABHD12,LRP1,NEK7,PTPN6,ANO6,VAMP7,LGALS9,APOA1,SYT11,EIF2AK2,NLRX1,GPX1,DAGLB,ITGB1,ITGAM,AP3B1,C1QA,ITGB2,HMGB2,VCAM1,TMSB4X,MAPK14,APOE,GRN,LAMP2,LGALS1,STAT3,CD180,SCG2,SNAP23,LPCAT3,PLGRKT,DHX9,PLA2G7,IRF3,DDX3X,CLU,GBP2,C4B
GO:0002376	immune system process	0.0031966874153736154	0.0031966874153736154	+1	DOCK8,EFNB3,TTBK1,PRKCZ,GPRC5B,CUEDC2,CX3CL1,RPS6KB1,DGKZ,CACNB4,DDT,H4C1,GPR17,ACIN1,PTPRJ,CTSL,CALR,SWAP70,CD38,ADAM9,ZMPSTE24,NINJ1,CRIP1,G3BP1,BAX,RPS14,RASSF2,ARL8B,LRP1,CNPY3,NEK7,VAMP2,H2BC7,PTPN6,CAV1,PTPN1,RPS24,IDE,ACTL6A,ARHGEF2,ANO6,RAPGEF4,FLNB,NUP85,VAMP7,PPP1R14B,LGALS9,APOA1,SPG21,BID,CHGA,SYT11,EIF2AK2,PARP1,NLRX1,S100A13,CSK,JAK1,RPS3,CYBC1,ERAP1,CASP3,SHMT2,RPL30,PPIB,GPX1,LCP1,ITGB1,MYH9,ITGAM,AP3B1,C1QC,C1QA,ITGB2,ITGA6,PNP,HMGB2,NCKAP1L,VCAM1,ARRB2,MSN,STXBP2,MAPK14,HCLS1,APOE,GRN,STX8,LAMP2,PSME1,LGALS1,STAT3,SAMHD1,STAT1,RPS6,LAMP1,LGMN,VIM,DNM2,PLEC,ANXA3,CTSD,INPPL1,CD180,SCG2,B2M,TF,SNAP23,RBP1,THBS4,PREX1,DHX9,PLA2G7,TMEM43,LNPEP,IRF3,EZR,CD151,DDX3X,CLU,PDIA3,STX7,GBP2,C4B
GO:0006955	immune response	0.004609842609325775	0.004609842609325775	+1	PRKCZ,GPRC5B,CUEDC2,CX3CL1,RPS6KB1,DGKZ,CACNB4,GPR17,PTPRJ,CTSL,SWAP70,CD38,NINJ1,CRIP1,G3BP1,BAX,ARL8B,LRP1,CNPY3,NEK7,VAMP2,H2BC7,PTPN6,CAV1,PTPN1,ARHGEF2,RAPGEF4,FLNB,VAMP7,PPP1R14B,LGALS9,APOA1,SPG21,CHGA,EIF2AK2,PARP1,NLRX1,S100A13,CSK,JAK1,RPS3,CYBC1,ERAP1,SHMT2,RPL30,GPX1,LCP1,ITGAM,AP3B1,C1QC,C1QA,ITGB2,PNP,HMGB2,NCKAP1L,ARRB2,STXBP2,MAPK14,APOE,GRN,STX8,LAMP2,LGALS1,STAT3,SAMHD1,STAT1,RPS6,LAMP1,VIM,PLEC,ANXA3,INPPL1,CD180,B2M,TF,SNAP23,DHX9,TMEM43,IRF3,EZR,DDX3X,CLU,STX7,GBP2,C4B
GO:0001775	cell activation	0.008133015882034567	0.008133015882034567	+1	DOCK8,EFNB3,TTBK1,PRKCZ,CX3CL1,DGKZ,PLEK,PTPRJ,CTSL,SWAP70,CD38,ADAM9,RPS6KA1,BAX,LRP1,VAMP2,PTPN6,CAV1,ACTL6A,VAMP7,LGALS9,BID,CHGA,SYT11,S100A13,CSK,SERPINE2,JAK1,RPS3,CASP3,LCP1,ITGB1,MYH9,CLIC1,ITGAM,FLNA,AP3B1,FERMT3,C1QA,ITGB2,PNP,TLN1,NCKAP1L,VCAM1,MSN,STXBP2,MAPK14,APOE,ILK,GRN,LGALS1,STAT3,RPS6,LAMP1,ANXA3,ENTPD2,CD180,B2M,SNAP23,PREX1,VCL,CD151,CLU,PDIA3
GO:0006952	defense response	0.02119027819500465	0.02119027819500465	+1	AGBL4,TTBK1,PRKCZ,ABCC1,ADCY8,WIPI2,GPRC5B,USP46,CUEDC2,CX3CL1,RPS6KB1,DDT,GPR17,ZMPSTE24,AHSG,NINJ1,VGF,G3BP1,PENK,ARL8B,ABHD12,LRP1,CNPY3,NEK7,H2BC7,PTPN6,CAV1,PTPN1,ARHGEF2,ANO6,FLNB,VAMP7,PPP1R14B,LGALS9,APOA1,CHGA,SYT11,EIF2AK2,PARP1,NLRX1,JAK1,CYBC1,ERAP1,SHMT2,RPL30,GPX1,DAGLB,ITGB1,ITGAM,AP3B1,C1QC,C1QA,ITGB2,HMGB2,VCAM1,ARRB2,TMSB4X,MAPK14,APOE,GRN,STX8,COTL1,LAMP2,LGALS1,STAT3,SAMHD1,STAT1,CST3,LAMP1,VIM,ANXA3,CD180,SCG2,TF,SNAP23,LPCAT3,PLGRKT,DHX9,PLA2G7,TMEM43,ABI3,IRF3,DDX3X,CLU,GBP2,C4B
GO:0002263	cell activation involved in immune response	0.0317121644565149	0.0317121644565149	+1	PRKCZ,SWAP70,LRP1,VAMP2,PTPN6,VAMP7,LGALS9,CHGA,S100A13,JAK1,LCP1,ITGAM,ITGB2,NCKAP1L,STXBP2,GRN,LGALS1,STAT3,RPS6,LAMP1,ANXA3,CD180,SNAP23
GO:0044419	biological process involved in interspecies interaction between organisms	0.04345516115864283	0.04345516115864283	+1	AGBL4,EFNB3,WIPI2,CX3CL1,RPS6KB1,CTSL,CALR,ADAM9,ZMPSTE24,EEF1A1,FKBP5,NINJ1,VGF,PCSK1,G3BP1,BAX,VPS18,PENK,ARL8B,CNPY3,NEK7,NPC1,H2BC7,PTPN6,CAV1,PTPN1,IDE,ARHGEF2,FLNB,VAMP7,GTF2F1,PPP1R14B,LGALS9,IGF2R,CHGA,SYT11,EIF2AK2,PARP1,SNX3,NLRX1,FMR1,JAK1,DYNLT1,CYBC1,ERAP1,CASP3,SHMT2,RPL30,PPIB,GPX1,ANPEP,ITGB1,ITGAM,AP3B1,C1QC,C1QA,PYGL,HMGB2,VCAM1,P4HB,ARRB2,ITGB5,IVNS1ABP,MAPK14,APOE,JPT2,GRN,STX8,COTL1,LAMP2,LGALS1,SAMHD1,STAT1,SCARB2,LAMP1,CTSB,VIM,ANXA3,LAMTOR5,ABCA1,HDAC1,CD180,B2M,TF,NRP1,TJP1,RPS15A,DHX9,TMEM43,IRF3,DDX3X,CLU,GBP2,C4B
GO:0005576	extracellular region	4.430924812973924e-15	4.430924812973924e-15	+1	DAAM2,STAMBP,LGI3,PRKCZ,ABCC1,CRYAB,GLO1,GPRC5B,CX3CL1,GABRB2,HDGFL3,DDT,RPL27,FABP5,PFN1,PLBD2,PLEK,H4C1,PTPRJ,ENPP5,CTSL,CALR,HSPA5,CD2AP,CD38,HSP90B1,ADAM9,ZMPSTE24,RPL5,GPD1,SRSF7,YBX1,GATM,AHSG,EEF1A1,FKBP5,GPT2,RPS28,SPOCK2,NINJ1,VGF,CSPG4,PCSK1,DPP7,LMAN2,BAX,NUCB2,PENK,GM2A,TXNDC5,ITM2C,RPS14,GALNT2,MOB1B,ANP32B,ARL8B,ALB,S100A11,ACTN1,CSTB,SCG3,CALU,NPC1,SERPINH1,S100A6,CNPY4,H2BC7,PTPN6,CAPG,RPS8,SSR4,RPS13,SNX9,DNPH1,CRTAC1,IDE,GGACT,UGGT1,ANO6,PTPRF,SDCBP,FLNB,GPC4,SH3BGRL,VAMP7,TTR,PLEKHO2,CPNE3,LGALS9,RPL11,BLVRB,NAAA,APOA1,ALDH1L2,MANF,RHOC,RNH1,ITIH3,IGF2R,RPS3A,RPS5,HAPLN4,TNPO1,PGM2,CHGA,S100A16,SNX3,DKK3,THRAP3,TGM2,S100A13,CSK,GFRA1,MARCKSL1,ACTN4,SERPINE2,DYNLT1,S100A10,RPS3,RPS20,ERAP1,ECH1,RPS9,SHMT2,BASP1,PLA2G15,AK2,PCNA,PDIA6,ARPC5,NAPRT,PLOD3,DNAJB11,RPL30,PPIB,TPP1,HEXA,LCP1,OSTF1,ANPEP,ARSB,ITGB1,MYH9,CLIC1,HTRA1,ITGAM,PON2,FLNA,C1QC,FERMT3,C1QA,ITGB2,C1QB,PPT1,ANXA2,CTSZ,PYGL,PNP,TLN1,ARPC1B,LAMTOR3,SCAMP2,HMGB2,NCKAP1L,PDIA4,PCSK1N,VCAM1,RPL12,GFPT1,PGD,VASP,NIBAN2,P4HB,ITGB5,MSN,TMSB4X,ARHGDIB,CYB5R3,LMAN1,GLB1,MYO5A,STXBP2,BIN2,MAPK14,APOE,CRELD2,CAPZA1,PRDX6,PSME2,ANXA4,ANXA5,GRN,RPLP0,EHD4,LRPAP1,DBI,COTL1,LAMP2,PSME1,LGALS1,CAT,LAMTOR1,ACP2,SCG5,PCSK2,ASAH1,NAGA,CST3,PLXNB2,HEXB,CTSA,SCARB2,TAGLN2,PSAP,MYO6,LAMP1,LGMN,MAN2B1,CTSB,WASF2,VIM,ALDH1L1,HNRNPC,DNM2,PLEC,ANXA3,PTBP1,IQGAP1,CTSD,GPC1,ITM2B,CKAP4,GNS,MYO1D,CPE,SLC12A9,ENTPD2,CD180,SCG2,B4GAT1,B2M,RPLP2,TF,GUSB,SNAP23,EIF4A1,MYL6,MVP,PTGR1,NRP1,THBS4,APRT,CNDP2,RPS15A,GAA,SCPEP1,CHGB,PAM,TPM4,VCL,RSU1,PLA2G7,LNPEP,AMPD3,RPS29,SMPDL3A,EZR,DDX3X,CLU,CAD,PDIA3,STX7,NHLRC3,RPS11,C4B
GO:0005615	extracellular space	3.391550366487843e-13	3.391550366487843e-13	+1	DAAM2,STAMBP,LGI3,PRKCZ,ABCC1,CRYAB,GLO1,GPRC5B,CX3CL1,GABRB2,DDT,RPL27,FABP5,PFN1,PLBD2,H4C1,PTPRJ,CTSL,CALR,HSPA5,CD2AP,CD38,HSP90B1,ADAM9,ZMPSTE24,RPL5,GPD1,SRSF7,YBX1,GATM,AHSG,EEF1A1,FKBP5,GPT2,RPS28,VGF,CSPG4,PCSK1,DPP7,LMAN2,BAX,NUCB2,GM2A,TXNDC5,ITM2C,RPS14,MOB1B,ANP32B,ARL8B,ALB,S100A11,ACTN1,CSTB,NPC1,SERPINH1,S100A6,H2BC7,PTPN6,CAPG,RPS8,SSR4,RPS13,SNX9,DNPH1,CRTAC1,IDE,GGACT,UGGT1,ANO6,PTPRF,SDCBP,FLNB,GPC4,SH3BGRL,VAMP7,TTR,CPNE3,LGALS9,RPL11,BLVRB,NAAA,APOA1,ALDH1L2,MANF,RHOC,RNH1,ITIH3,IGF2R,RPS3A,RPS5,HAPLN4,TNPO1,PGM2,CHGA,S100A16,SNX3,DKK3,THRAP3,TGM2,S100A13,CSK,GFRA1,MARCKSL1,ACTN4,SERPINE2,S100A10,RPS3,RPS20,ERAP1,ECH1,RPS9,SHMT2,BASP1,PLA2G15,AK2,PCNA,PDIA6,ARPC5,NAPRT,PLOD3,DNAJB11,RPL30,PPIB,TPP1,HEXA,LCP1,ANPEP,ARSB,ITGB1,MYH9,CLIC1,HTRA1,ITGAM,FLNA,C1QC,FERMT3,ITGB2,PPT1,ANXA2,CTSZ,PYGL,PNP,TLN1,ARPC1B,LAMTOR3,SCAMP2,HMGB2,NCKAP1L,PDIA4,PCSK1N,VCAM1,RPL12,GFPT1,PGD,VASP,NIBAN2,P4HB,ITGB5,MSN,ARHGDIB,LMAN1,GLB1,MYO5A,STXBP2,APOE,CRELD2,CAPZA1,PRDX6,PSME2,ANXA4,ANXA5,GRN,RPLP0,EHD4,DBI,COTL1,LAMP2,PSME1,LGALS1,CAT,LAMTOR1,ACP2,PCSK2,ASAH1,NAGA,CST3,PLXNB2,HEXB,CTSA,SCARB2,TAGLN2,PSAP,MYO6,LAMP1,LGMN,MAN2B1,CTSB,WASF2,VIM,ALDH1L1,HNRNPC,DNM2,PLEC,ANXA3,PTBP1,IQGAP1,CTSD,GPC1,ITM2B,CKAP4,GNS,MYO1D,CPE,SLC12A9,ENTPD2,CD180,SCG2,B4GAT1,B2M,RPLP2,TF,GUSB,SNAP23,EIF4A1,MYL6,MVP,PTGR1,NRP1,THBS4,APRT,CNDP2,RPS15A,GAA,SCPEP1,CHGB,PAM,TPM4,VCL,RSU1,PLA2G7,RPS29,SMPDL3A,EZR,DDX3X,CLU,CAD,PDIA3,STX7,RPS11,C4B
GO:0030055	cell-substrate junction	1.0465120287256794e-11	1.0465120287256794e-11	+1	CORO1C,RPL18,RPL27,PFN1,CALR,HSPA5,HSP90B1,ADAM9,RPL5,CSPG4,G3BP1,TWF1,PXN,RPS14,LRP1,ACTN1,MPRIP,RPS8,CAV1,RPS13,ARHGEF2,SDCBP,FLNB,CPNE3,IGF2R,PTPN12,RPS3A,RPS5,RPL19,RPL9,TGM2,LPP,RPS10,ACTN4,SORBS1,JAK1,RPS3,RPS9,ARPC5,RPL30,PPIB,LCP1,ITGB1,MYH9,FLNA,FERMT3,ITGB2,ITGA6,TLN1,ARPC1B,LAMTOR3,RPL12,VASP,P4HB,ITGB5,MSN,ANXA5,ILK,RPLP0,CAT,RPLP1,SCARB2,EVL,LIMS1,VIM,DNM2,PLEC,GIT2,IQGAP1,B2M,RPLP2,SNAP23,NRP1,GJA1,TPM4,VCL,RSU1,CNN3,NPM1,RPS29,DOCK7,EZR,CD151,PDIA3,RPS11
GO:0005788	endoplasmic reticulum lumen	1.4945328682538526e-11	1.4945328682538526e-11	+1	CALR,ERP29,HSPA5,HSP90B1,P4HA1,AHSG,VGF,SDF2L1,PENK,TXNDC5,ALB,CNPY3,SCG3,CALU,SERPINH1,UGGT1,WFS1,APOA1,MANF,TXNDC12,ERAP1,PDIA6,PLOD3,DNAJB11,PPIB,ARSB,RCN2,CTSZ,PDIA4,P4HB,APOE,LRPAP1,DBI,LGALS1,CST3,ASPH,CKAP4,SCG2,B2M,TF,CHGB,TMEM43,SELENOF,CLU,PDIA3
GO:0030141	secretory granule	1.5735785970258972e-11	1.5735785970258972e-11	+1	CBARP,ICA1,FABP5,PTPRJ,CTSL,CALR,PTPRN,AHSG,EEF1A1,PCSK1,DPP7,PTPRN2,ITPR2,PENK,GM2A,TXNDC5,ALB,S100A11,ACTN1,CSTB,SCG3,VAMP2,PTPN6,CAV1,ANO6,SDCBP,VAMP7,WFS1,TTR,PLEKHO2,CPNE3,APOA1,ITIH3,IGF2R,PGM2,CHGA,LPCAT1,ACTN4,SERPINE2,DYNLT1,ARPC5,NAPRT,HEXA,OSTF1,ANPEP,ARSB,MYH9,ITGAM,FERMT3,ITGB2,ANXA2,CTSZ,PYGL,PNP,LAMTOR3,NCKAP1L,PCSK1N,LAMTOR2,TMSB4X,CYB5R3,GLB1,MYO5A,STXBP2,BIN2,MAPK14,PRDX6,GRN,COTL1,LAMP2,VAMP1,CAT,LAMTOR1,SCG5,PCSK2,ASAH1,CST3,HEXB,CTSA,PSAP,LAMP1,MAN2B1,CTSB,ANXA3,IQGAP1,CTSD,CKAP4,GNS,CPE,SCG2,B2M,TF,GUSB,SNAP23,MVP,APRT,PLD1,GAA,MGST1,CHGB,PAM,VCL,AMPD3,DDX3X,CLU,STX7,NHLRC3
GO:0005925	focal adhesion	1.5844558189206774e-11	1.5844558189206774e-11	+1	CORO1C,RPL18,RPL27,PFN1,CALR,HSPA5,HSP90B1,ADAM9,RPL5,CSPG4,G3BP1,TWF1,PXN,RPS14,LRP1,ACTN1,MPRIP,RPS8,CAV1,RPS13,ARHGEF2,SDCBP,FLNB,CPNE3,IGF2R,PTPN12,RPS3A,RPS5,RPL19,RPL9,TGM2,LPP,RPS10,ACTN4,SORBS1,JAK1,RPS3,RPS9,ARPC5,RPL30,PPIB,LCP1,ITGB1,MYH9,FLNA,ITGB2,ITGA6,TLN1,ARPC1B,LAMTOR3,RPL12,VASP,P4HB,ITGB5,MSN,ANXA5,ILK,RPLP0,CAT,RPLP1,SCARB2,EVL,LIMS1,VIM,DNM2,PLEC,GIT2,IQGAP1,B2M,RPLP2,SNAP23,NRP1,GJA1,TPM4,VCL,RSU1,CNN3,NPM1,RPS29,DOCK7,EZR,CD151,PDIA3,RPS11
GO:0070062	extracellular exosome	4.3667308819871845e-11	4.3667308819871845e-11	+1	DAAM2,STAMBP,PRKCZ,ABCC1,CRYAB,GLO1,GPRC5B,GABRB2,DDT,RPL27,FABP5,PFN1,PLBD2,H4C1,PTPRJ,CTSL,CALR,HSPA5,CD2AP,CD38,HSP90B1,ADAM9,ZMPSTE24,RPL5,GPD1,SRSF7,YBX1,GATM,AHSG,EEF1A1,FKBP5,RPS28,CSPG4,DPP7,LMAN2,BAX,NUCB2,GM2A,TXNDC5,ITM2C,RPS14,MOB1B,ANP32B,ARL8B,ALB,S100A11,ACTN1,CSTB,NPC1,S100A6,H2BC7,PTPN6,CAPG,RPS8,SSR4,RPS13,SNX9,DNPH1,CRTAC1,IDE,GGACT,UGGT1,ANO6,PTPRF,SDCBP,FLNB,GPC4,SH3BGRL,VAMP7,TTR,CPNE3,RPL11,BLVRB,NAAA,APOA1,ALDH1L2,RHOC,RNH1,ITIH3,IGF2R,RPS3A,RPS5,TNPO1,PGM2,S100A16,SNX3,THRAP3,TGM2,CSK,GFRA1,MARCKSL1,ACTN4,S100A10,RPS3,RPS20,ERAP1,ECH1,RPS9,SHMT2,BASP1,PLA2G15,AK2,PCNA,PDIA6,ARPC5,NAPRT,PLOD3,RPL30,PPIB,TPP1,HEXA,LCP1,ANPEP,ARSB,ITGB1,MYH9,CLIC1,HTRA1,ITGAM,FLNA,FERMT3,ITGB2,PPT1,ANXA2,CTSZ,PYGL,PNP,TLN1,ARPC1B,LAMTOR3,SCAMP2,NCKAP1L,VCAM1,RPL12,GFPT1,PGD,VASP,NIBAN2,P4HB,ITGB5,MSN,ARHGDIB,LMAN1,GLB1,MYO5A,STXBP2,APOE,CAPZA1,PRDX6,PSME2,ANXA4,ANXA5,GRN,RPLP0,EHD4,DBI,COTL1,LAMP2,PSME1,LGALS1,CAT,LAMTOR1,ACP2,ASAH1,NAGA,CST3,PLXNB2,HEXB,CTSA,SCARB2,TAGLN2,PSAP,MYO6,LAMP1,LGMN,MAN2B1,CTSB,WASF2,VIM,ALDH1L1,HNRNPC,DNM2,PLEC,ANXA3,PTBP1,IQGAP1,CTSD,GPC1,ITM2B,CKAP4,GNS,MYO1D,CPE,SLC12A9,ENTPD2,B4GAT1,B2M,RPLP2,TF,GUSB,SNAP23,EIF4A1,MYL6,MVP,PTGR1,THBS4,APRT,CNDP2,RPS15A,GAA,SCPEP1,PAM,TPM4,VCL,RSU1,RPS29,SMPDL3A,EZR,DDX3X,CLU,CAD,PDIA3,STX7,RPS11,C4B
GO:1903561	extracellular vesicle	4.9304224745456734e-11	4.9304224745456734e-11	+1	DAAM2,STAMBP,PRKCZ,ABCC1,CRYAB,GLO1,GPRC5B,GABRB2,DDT,RPL27,FABP5,PFN1,PLBD2,H4C1,PTPRJ,CTSL,CALR,HSPA5,CD2AP,CD38,HSP90B1,ADAM9,ZMPSTE24,RPL5,GPD1,SRSF7,YBX1,GATM,AHSG,EEF1A1,FKBP5,RPS28,CSPG4,DPP7,LMAN2,BAX,NUCB2,GM2A,TXNDC5,ITM2C,RPS14,MOB1B,ANP32B,ARL8B,ALB,S100A11,ACTN1,CSTB,NPC1,S100A6,H2BC7,PTPN6,CAPG,RPS8,SSR4,RPS13,SNX9,DNPH1,CRTAC1,IDE,GGACT,UGGT1,ANO6,PTPRF,SDCBP,FLNB,GPC4,SH3BGRL,VAMP7,TTR,CPNE3,RPL11,BLVRB,NAAA,APOA1,ALDH1L2,RHOC,RNH1,ITIH3,IGF2R,RPS3A,RPS5,TNPO1,PGM2,S100A16,SNX3,THRAP3,TGM2,CSK,GFRA1,MARCKSL1,ACTN4,SERPINE2,S100A10,RPS3,RPS20,ERAP1,ECH1,RPS9,SHMT2,BASP1,PLA2G15,AK2,PCNA,PDIA6,ARPC5,NAPRT,PLOD3,RPL30,PPIB,TPP1,HEXA,LCP1,ANPEP,ARSB,ITGB1,MYH9,CLIC1,HTRA1,ITGAM,FLNA,FERMT3,ITGB2,PPT1,ANXA2,CTSZ,PYGL,PNP,TLN1,ARPC1B,LAMTOR3,SCAMP2,NCKAP1L,VCAM1,RPL12,GFPT1,PGD,VASP,NIBAN2,P4HB,ITGB5,MSN,ARHGDIB,LMAN1,GLB1,MYO5A,STXBP2,APOE,CAPZA1,PRDX6,PSME2,ANXA4,ANXA5,GRN,RPLP0,EHD4,DBI,COTL1,LAMP2,PSME1,LGALS1,CAT,LAMTOR1,ACP2,ASAH1,NAGA,CST3,PLXNB2,HEXB,CTSA,SCARB2,TAGLN2,PSAP,MYO6,LAMP1,LGMN,MAN2B1,CTSB,WASF2,VIM,ALDH1L1,HNRNPC,DNM2,PLEC,ANXA3,PTBP1,IQGAP1,CTSD,GPC1,ITM2B,CKAP4,GNS,MYO1D,CPE,SLC12A9,ENTPD2,B4GAT1,B2M,RPLP2,TF,GUSB,SNAP23,EIF4A1,MYL6,MVP,PTGR1,THBS4,APRT,CNDP2,RPS15A,GAA,SCPEP1,PAM,TPM4,VCL,RSU1,RPS29,SMPDL3A,EZR,DDX3X,CLU,CAD,PDIA3,STX7,RPS11,C4B
GO:0043230	extracellular organelle	5.591911600096843e-11	5.591911600096843e-11	+1	DAAM2,STAMBP,PRKCZ,ABCC1,CRYAB,GLO1,GPRC5B,GABRB2,DDT,RPL27,FABP5,PFN1,PLBD2,H4C1,PTPRJ,CTSL,CALR,HSPA5,CD2AP,CD38,HSP90B1,ADAM9,ZMPSTE24,RPL5,GPD1,SRSF7,YBX1,GATM,AHSG,EEF1A1,FKBP5,RPS28,CSPG4,DPP7,LMAN2,BAX,NUCB2,GM2A,TXNDC5,ITM2C,RPS14,MOB1B,ANP32B,ARL8B,ALB,S100A11,ACTN1,CSTB,NPC1,S100A6,H2BC7,PTPN6,CAPG,RPS8,SSR4,RPS13,SNX9,DNPH1,CRTAC1,IDE,GGACT,UGGT1,ANO6,PTPRF,SDCBP,FLNB,GPC4,SH3BGRL,VAMP7,TTR,CPNE3,RPL11,BLVRB,NAAA,APOA1,ALDH1L2,RHOC,RNH1,ITIH3,IGF2R,RPS3A,RPS5,TNPO1,PGM2,S100A16,SNX3,THRAP3,TGM2,CSK,GFRA1,MARCKSL1,ACTN4,SERPINE2,S100A10,RPS3,RPS20,ERAP1,ECH1,RPS9,SHMT2,BASP1,PLA2G15,AK2,PCNA,PDIA6,ARPC5,NAPRT,PLOD3,RPL30,PPIB,TPP1,HEXA,LCP1,ANPEP,ARSB,ITGB1,MYH9,CLIC1,HTRA1,ITGAM,FLNA,FERMT3,ITGB2,PPT1,ANXA2,CTSZ,PYGL,PNP,TLN1,ARPC1B,LAMTOR3,SCAMP2,NCKAP1L,VCAM1,RPL12,GFPT1,PGD,VASP,NIBAN2,P4HB,ITGB5,MSN,ARHGDIB,LMAN1,GLB1,MYO5A,STXBP2,APOE,CAPZA1,PRDX6,PSME2,ANXA4,ANXA5,GRN,RPLP0,EHD4,DBI,COTL1,LAMP2,PSME1,LGALS1,CAT,LAMTOR1,ACP2,ASAH1,NAGA,CST3,PLXNB2,HEXB,CTSA,SCARB2,TAGLN2,PSAP,MYO6,LAMP1,LGMN,MAN2B1,CTSB,WASF2,VIM,ALDH1L1,HNRNPC,DNM2,PLEC,ANXA3,PTBP1,IQGAP1,CTSD,GPC1,ITM2B,CKAP4,GNS,MYO1D,CPE,SLC12A9,ENTPD2,B4GAT1,B2M,RPLP2,TF,GUSB,SNAP23,EIF4A1,MYL6,MVP,PTGR1,THBS4,APRT,CNDP2,RPS15A,GAA,SCPEP1,PAM,TPM4,VCL,RSU1,RPS29,SMPDL3A,EZR,DDX3X,CLU,CAD,PDIA3,STX7,RPS11,C4B
GO:0065010	extracellular membrane-bounded organelle	5.591911600096843e-11	5.591911600096843e-11	+1	DAAM2,STAMBP,PRKCZ,ABCC1,CRYAB,GLO1,GPRC5B,GABRB2,DDT,RPL27,FABP5,PFN1,PLBD2,H4C1,PTPRJ,CTSL,CALR,HSPA5,CD2AP,CD38,HSP90B1,ADAM9,ZMPSTE24,RPL5,GPD1,SRSF7,YBX1,GATM,AHSG,EEF1A1,FKBP5,RPS28,CSPG4,DPP7,LMAN2,BAX,NUCB2,GM2A,TXNDC5,ITM2C,RPS14,MOB1B,ANP32B,ARL8B,ALB,S100A11,ACTN1,CSTB,NPC1,S100A6,H2BC7,PTPN6,CAPG,RPS8,SSR4,RPS13,SNX9,DNPH1,CRTAC1,IDE,GGACT,UGGT1,ANO6,PTPRF,SDCBP,FLNB,GPC4,SH3BGRL,VAMP7,TTR,CPNE3,RPL11,BLVRB,NAAA,APOA1,ALDH1L2,RHOC,RNH1,ITIH3,IGF2R,RPS3A,RPS5,TNPO1,PGM2,S100A16,SNX3,THRAP3,TGM2,CSK,GFRA1,MARCKSL1,ACTN4,SERPINE2,S100A10,RPS3,RPS20,ERAP1,ECH1,RPS9,SHMT2,BASP1,PLA2G15,AK2,PCNA,PDIA6,ARPC5,NAPRT,PLOD3,RPL30,PPIB,TPP1,HEXA,LCP1,ANPEP,ARSB,ITGB1,MYH9,CLIC1,HTRA1,ITGAM,FLNA,FERMT3,ITGB2,PPT1,ANXA2,CTSZ,PYGL,PNP,TLN1,ARPC1B,LAMTOR3,SCAMP2,NCKAP1L,VCAM1,RPL12,GFPT1,PGD,VASP,NIBAN2,P4HB,ITGB5,MSN,ARHGDIB,LMAN1,GLB1,MYO5A,STXBP2,APOE,CAPZA1,PRDX6,PSME2,ANXA4,ANXA5,GRN,RPLP0,EHD4,DBI,COTL1,LAMP2,PSME1,LGALS1,CAT,LAMTOR1,ACP2,ASAH1,NAGA,CST3,PLXNB2,HEXB,CTSA,SCARB2,TAGLN2,PSAP,MYO6,LAMP1,LGMN,MAN2B1,CTSB,WASF2,VIM,ALDH1L1,HNRNPC,DNM2,PLEC,ANXA3,PTBP1,IQGAP1,CTSD,GPC1,ITM2B,CKAP4,GNS,MYO1D,CPE,SLC12A9,ENTPD2,B4GAT1,B2M,RPLP2,TF,GUSB,SNAP23,EIF4A1,MYL6,MVP,PTGR1,THBS4,APRT,CNDP2,RPS15A,GAA,SCPEP1,PAM,TPM4,VCL,RSU1,RPS29,SMPDL3A,EZR,DDX3X,CLU,CAD,PDIA3,STX7,RPS11,C4B
GO:0044391	ribosomal subunit	5.09093024496732e-10	5.09093024496732e-10	+1	RPL18,RPL27,RBM3,RPL5,RPL27A,RPS28,RPL29,RPS14,MRPL10,RPS8,RPS13,RPS24,MRPS31,MRPL37,RPL11,RPL17,RPS3A,RPS5,RPL19,RPL9,RPL10,RPS10,RPS12,RPS3,RPS20,RPS9,RPL30,RPL12,RPLP0,RPLP1,RPS6,RPLP2,RPS15A,NPM1,RPS29,RPS23,DDX3X,RPS27L,RPS11
GO:0043202	lysosomal lumen	4.330435985561004e-9	4.330435985561004e-9	+1	PLBD2,CTSL,CSPG4,GM2A,TXNDC5,GPC4,NAAA,TPP1,HEXA,ARSB,PPT1,GLB1,LAMP2,ACP2,ASAH1,HEXB,CTSA,SCARB2,PSAP,LGMN,MAN2B1,CTSB,CTSD,GPC1,GNS,GUSB,GAA
GO:0031982	vesicle	1.2788336535715245e-8	1.2788336535715245e-8	+1	DAAM2,STAMBP,CBARP,BRSK1,LGI3,CDK16,PRKCZ,ABCC1,ADCY8,CRYAB,MAP6D1,CADPS2,GLO1,GPRC5B,OSBPL6,SCN8A,GABRB2,ICA1,DDT,CORO1C,RPL27,FABP5,PFN1,PLBD2,VPS39,H4C1,PTPRJ,ELAVL1,CTSL,CALR,ERP29,HSPA5,CD2AP,CD38,PTPRN,HSP90B1,ADAM9,ZMPSTE24,RPL5,GPD1,SRSF7,YBX1,GATM,AHSG,RABEP2,EEF1A1,FKBP5,LMBRD1,ATP9A,RPN1,RPS28,TMED5,VGF,CSPG4,PCSK1,NMNAT2,DPP7,LMAN2,BAX,VPS18,NUCB2,PTPRN2,ITPR2,FMN2,PDLIM4,PENK,GM2A,TXNDC5,ITM2C,RPS14,MOB1B,ANP32B,ARL8B,ALB,LRP1,S100A11,ACTN1,CSTB,SCG3,CALU,NPC1,VAMP2,SEC23B,S100A6,H2BC7,DOP1A,PTPN6,PIP4P1,CAPG,RPS8,SSR4,CAV1,PTPN1,RPS13,SNX17,SNX9,DNPH1,CRTAC1,IDE,GGACT,UGGT1,ARHGEF2,ANO6,PTPRF,SDCBP,SLC29A3,FLNB,GPC4,SH3BGRL,VAMP7,WFS1,TTR,PLEKHO2,CPNE3,CAMK2D,PIP4P2,RPL11,BLVRB,NAAA,APOA1,ALDH1L2,RHOC,RNH1,ITIH3,SPG21,IGF2R,RPS3A,RPS5,TNPO1,PGM2,CHGA,SYT11,LPCAT1,S100A16,SNX3,THRAP3,TGM2,CSK,GFRA1,MARCKSL1,ACTN4,SERPINE2,JAK1,DYNLT1,S100A10,RPS3,RPS20,ERAP1,ECH1,RPS9,SHMT2,TMEM165,BASP1,PLA2G15,AK2,PCNA,PDIA6,ARPC5,NAPRT,PLOD3,RPL30,PPIB,TPP1,HEXA,LCP1,OSTF1,ANPEP,ARSB,ITGB1,MYH9,CLIC1,HTRA1,ITGAM,FLNA,AP3B1,FERMT3,ITGB2,PPT1,ANXA2,CTSZ,PYGL,PNP,TLN1,ARPC1B,LAMTOR3,SCAMP2,NCKAP1L,PDIA4,M6PR,PCSK1N,VCAM1,RPL12,GFPT1,PGD,LAMTOR2,VASP,NIBAN2,P4HB,ARRB2,ITGB5,FKBP15,MSN,TMSB4X,ARHGDIB,CYB5R3,LMAN1,GLB1,MYO5A,STXBP2,SDF4,BIN2,MAPK14,HCLS1,APOE,CAPZA1,PRDX6,PSME2,ANXA4,ANXA5,GRN,RPLP0,EHD4,LRPAP1,DBI,STX8,COTL1,LAMP2,PSME1,LGALS1,VAMP1,CAT,LAMTOR1,ACP2,SCG5,PCSK2,ASAH1,NAGA,CST3,PLXNB2,HEXB,CTSA,SCARB2,TAGLN2,PSAP,MYO6,LAMP1,LGMN,MAN2B1,CTSB,WASF2,VIM,ALDH1L1,HNRNPC,TMEM175,DNM2,PLEC,ANXA3,PTBP1,IQGAP1,CTSD,GPC1,LAMTOR5,ITM2B,CKAP4,VPS41,ABCA1,GNS,MYO1D,CPE,SLC12A9,ENTPD2,SCG2,B4GAT1,B2M,RPLP2,CLCN6,TF,GUSB,SNAP23,EIF4A1,MYL6,MVP,PTGR1,NRP1,THBS4,APRT,SEC24A,GJA1,PLD1,CNDP2,RPS15A,GAA,SCPEP1,MGST1,CHGB,PAM,TPM4,VCL,RSU1,NECAP2,LNPEP,AMPD3,RPS29,SMPDL3A,SNX5,EZR,DDX3X,CLU,CAD,PDIA3,STX7,NHLRC3,TMEM9B,GBP2,RPS11,C4B
GO:0022626	cytosolic ribosome	1.9567745907905064e-8	1.9567745907905064e-8	+1	RPL18,RPL27,RPL5,RPL27A,EEF1A1,RPS28,RPL29,RPS14,RPS8,RPS13,RPS24,RPL11,RPL17,RPS3A,RPS5,RPL19,RPL9,RPL10,RPS10,RPS12,RPS3,RPS20,RPS9,RPL30,RPL12,RPLP0,RPLP1,RPS6,RPLP2,RPS15A,RPS29,RPS23,DDX3X,RPS27L,RPS11
GO:0005775	vacuolar lumen	2.114528893170868e-8	2.114528893170868e-8	+1	FABP5,PLBD2,CTSL,CSPG4,DPP7,GM2A,TXNDC5,SDCBP,GPC4,TTR,NAAA,NAPRT,TPP1,HEXA,ARSB,PPT1,ANXA2,CYB5R3,GLB1,PRDX6,GRN,LAMP2,ACP2,ASAH1,HEXB,CTSA,SCARB2,PSAP,LGMN,MAN2B1,CTSB,CTSD,GPC1,GNS,GUSB,GAA,NHLRC3
GO:0005840	ribosome	1.3552992706425684e-7	1.3552992706425684e-7	+1	RPL18,RPL27,RBM3,BTF3,RPL5,RPL27A,EEF1A1,RPS28,RPL29,RPS14,MRPL10,RPS8,RPS13,RPS24,MRPS31,MRPL37,RPL11,RPL17,RPS3A,RPS5,RPL19,RPL9,EIF2AK2,RPL10,RPS10,RPS12,RPS3,RPS20,RPS9,RPL30,RPL12,RPLP0,RPLP1,RPS6,RRBP1,RPLP2,RPS15A,DHX9,NPM1,RPS29,RPS23,DDX3X,RPS27L,RPS11
GO:0060205	cytoplasmic vesicle lumen	2.054758634476234e-7	2.054758634476234e-7	+1	FABP5,AHSG,EEF1A1,PCSK1,DPP7,PENK,GM2A,TXNDC5,ALB,S100A11,ACTN1,CSTB,SCG3,PTPN6,SDCBP,TTR,APOA1,ITIH3,PGM2,ACTN4,DYNLT1,ARPC5,NAPRT,OSTF1,ARSB,FERMT3,ANXA2,CTSZ,PYGL,PNP,TMSB4X,CYB5R3,GLB1,BIN2,MAPK14,PRDX6,GRN,COTL1,CAT,HEXB,CTSA,MAN2B1,CTSD,GNS,B2M,TF,GUSB,MVP,APRT,VCL,AMPD3,DDX3X,CLU,NHLRC3
GO:0034774	secretory granule lumen	2.054758634476234e-7	2.054758634476234e-7	+1	FABP5,AHSG,EEF1A1,PCSK1,DPP7,PENK,GM2A,TXNDC5,ALB,S100A11,ACTN1,CSTB,SCG3,PTPN6,SDCBP,TTR,APOA1,ITIH3,PGM2,ACTN4,DYNLT1,ARPC5,NAPRT,OSTF1,ARSB,FERMT3,ANXA2,CTSZ,PYGL,PNP,TMSB4X,CYB5R3,GLB1,BIN2,MAPK14,PRDX6,GRN,COTL1,CAT,HEXB,CTSA,MAN2B1,CTSD,GNS,B2M,TF,GUSB,MVP,APRT,VCL,AMPD3,DDX3X,CLU,NHLRC3
GO:0031983	vesicle lumen	2.801861864973027e-7	2.801861864973027e-7	+1	FABP5,AHSG,EEF1A1,PCSK1,DPP7,PENK,GM2A,TXNDC5,ALB,S100A11,ACTN1,CSTB,SCG3,PTPN6,SDCBP,TTR,APOA1,ITIH3,PGM2,ACTN4,DYNLT1,ARPC5,NAPRT,OSTF1,ARSB,FERMT3,ANXA2,CTSZ,PYGL,PNP,TMSB4X,CYB5R3,GLB1,BIN2,MAPK14,PRDX6,GRN,COTL1,CAT,HEXB,CTSA,MAN2B1,CTSD,GNS,B2M,TF,GUSB,MVP,APRT,VCL,AMPD3,DDX3X,CLU,NHLRC3
GO:0099503	secretory vesicle	0.000004835937197186328	0.000004835937197186328	+1	CBARP,BRSK1,LGI3,CDK16,ICA1,FABP5,PTPRJ,CTSL,CALR,PTPRN,AHSG,EEF1A1,PCSK1,DPP7,PTPRN2,ITPR2,PENK,GM2A,TXNDC5,ALB,S100A11,ACTN1,CSTB,SCG3,VAMP2,PTPN6,CAV1,ANO6,SDCBP,VAMP7,WFS1,TTR,PLEKHO2,CPNE3,APOA1,ITIH3,IGF2R,PGM2,CHGA,SYT11,LPCAT1,ACTN4,SERPINE2,DYNLT1,ARPC5,NAPRT,HEXA,OSTF1,ANPEP,ARSB,MYH9,ITGAM,FERMT3,ITGB2,PPT1,ANXA2,CTSZ,PYGL,PNP,LAMTOR3,NCKAP1L,PCSK1N,LAMTOR2,TMSB4X,CYB5R3,GLB1,MYO5A,STXBP2,BIN2,MAPK14,PRDX6,GRN,COTL1,LAMP2,VAMP1,CAT,LAMTOR1,SCG5,PCSK2,ASAH1,CST3,HEXB,CTSA,PSAP,LAMP1,MAN2B1,CTSB,ANXA3,IQGAP1,CTSD,CKAP4,GNS,CPE,SCG2,B2M,TF,GUSB,SNAP23,MVP,APRT,PLD1,GAA,MGST1,CHGB,PAM,VCL,AMPD3,DDX3X,CLU,STX7,NHLRC3
GO:0000323	lytic vacuole	0.000005508132193205099	0.000005508132193205099	+1	CRYAB,FABP5,PLBD2,VPS39,CTSL,CALR,EEF1A1,LMBRD1,CSPG4,DPP7,VPS18,GM2A,TXNDC5,ITM2C,ARL8B,LRP1,NPC1,PIP4P1,SLC12A4,SPNS1,SDCBP,SLC29A3,GPC4,VAMP7,TTR,CPNE3,PIP4P2,NAAA,BORCS6,SYT11,LPCAT1,TMEM165,PLA2G15,NAPRT,DAGLB,TPP1,HEXA,ANPEP,ARSB,AP3B1,PPT1,ANXA2,CTSZ,LAMTOR3,GFAP,M6PR,LAMTOR2,CYB5R3,GLB1,MYO5A,STXBP2,PRDX6,GRN,LAMP2,LAMTOR1,ACP2,ASAH1,NAGA,HEXB,CTSA,SCARB2,PSAP,MYO6,LAMP1,LGMN,MAN2B1,CTSB,TMEM175,CTSD,GPC1,LAMTOR5,CKAP4,VPS41,GNS,CLCN6,GUSB,SNAP23,PLD1,GAA,MGST1,LNPEP,CLCN7,STX7,NHLRC3,TMEM9B
GO:0005764	lysosome	0.000005508132193205099	0.000005508132193205099	+1	CRYAB,FABP5,PLBD2,VPS39,CTSL,CALR,EEF1A1,LMBRD1,CSPG4,DPP7,VPS18,GM2A,TXNDC5,ITM2C,ARL8B,LRP1,NPC1,PIP4P1,SLC12A4,SPNS1,SDCBP,SLC29A3,GPC4,VAMP7,TTR,CPNE3,PIP4P2,NAAA,BORCS6,SYT11,LPCAT1,TMEM165,PLA2G15,NAPRT,DAGLB,TPP1,HEXA,ANPEP,ARSB,AP3B1,PPT1,ANXA2,CTSZ,LAMTOR3,GFAP,M6PR,LAMTOR2,CYB5R3,GLB1,MYO5A,STXBP2,PRDX6,GRN,LAMP2,LAMTOR1,ACP2,ASAH1,NAGA,HEXB,CTSA,SCARB2,PSAP,MYO6,LAMP1,LGMN,MAN2B1,CTSB,TMEM175,CTSD,GPC1,LAMTOR5,CKAP4,VPS41,GNS,CLCN6,GUSB,SNAP23,PLD1,GAA,MGST1,LNPEP,CLCN7,STX7,NHLRC3,TMEM9B
GO:0070161	anchoring junction	0.000016172486998375553	0.000016172486998375553	+1	PRKCZ,OPALIN,SCN1A,CORO1C,RPL18,RPL27,PFN1,PTPRJ,CALR,HSPA5,PDLIM5,CD2AP,HSP90B1,ADAM9,RPL5,CSPG4,G3BP1,TWF1,PXN,PDLIM4,RPS14,LRP1,S100A11,ACTN1,MPRIP,PTPN6,RPS8,CAV1,RPS13,ARHGEF2,SDCBP,FLNB,CPNE3,IGF2R,PTPN12,RPS3A,RPS5,RPL19,RPL9,TGM2,CSK,LPP,RPS10,ACTN4,SORBS1,JAK1,RPS3,RPS9,ARPC5,RPL30,PPIB,LCP1,ITGB1,MYH9,FLNA,FERMT3,ITGB2,ANXA2,ITGA6,TLN1,ARPC1B,LAMTOR3,RPL12,VASP,NIBAN2,P4HB,ITGB5,MSN,BIN2,PPP1R9B,ANXA5,ILK,RPLP0,CAT,RPLP1,SCARB2,EVL,LIMS1,WASF2,VIM,DNM2,PLEC,GIT2,IQGAP1,B2M,RPLP2,SNAP23,NRP1,GJA1,TJP1,TPM4,VCL,RSU1,CNN3,NPM1,RPS29,DOCK7,EZR,CD151,PDIA3,RPS11
GO:0012505	endomembrane system	0.000028800149751908138	0.000028800149751908138	+1	CDS1,AGBL4,STAMBP,CBARP,BRSK1,FA2H,ZFAND2B,BRSK2,LGI3,CDK16,PRKCZ,ADCY8,MAP6D1,RRM1,GPR37,UBXN2B,OPALIN,OSBPL6,CUEDC2,MSMO1,OSBPL3,ICA1,PITPNM2,CORO1C,RPL18,RPL27,FABP5,VPS39,SEC61A1,PTPRJ,ELAVL1,CTSL,CALR,ERP29,HSPA5,PTPRN,HSP90B1,P4HA1,ZMPSTE24,RPL5,YBX1,RPL27A,SPCS2,AHSG,RABEP2,EEF1A1,LMBRD1,ATP9A,RPN1,RPS28,TMED5,VGF,CSPG4,PCSK1,NMNAT2,KIFAP3,DPP7,LMAN2,BAX,VPS18,SDF2L1,NUCB2,PTPRN2,ITPR2,FMN2,PDLIM4,PENK,DOCK9,ALG5,GM2A,TXNDC5,ITM2C,GALNT2,SERINC1,RASSF2,ARL8B,ABHD12,ALB,LRP1,S100A11,CNPY3,CAVIN1,ACTN1,CSTB,SCG3,CALU,NPC1,VAMP2,SEC23B,SERPINH1,S100A6,STT3A,CLSTN3,HS1BP3,DOP1A,PTPN6,PIP4P1,KPNA2,RPS8,SSR4,CAV1,PTPN1,SNX17,COG4,SNX9,RPS24,FADS1,SCLY,HM13,UGGT1,ARHGEF2,ANO6,SDCBP,SLC29A3,GPC4,NUP85,VAMP7,WFS1,TTR,PLEKHO2,CPNE3,ESYT1,CAMK2D,PIP4P2,TMEM50B,APOA1,MANF,SPCS3,RHOC,ITIH3,SPG21,IGF2R,GOLPH3L,RPS3A,SSR1,RPN2,PGM2,CHGA,SYT11,LPCAT1,CBX5,PARP1,SNX3,CNPY2,RPL10,TGM2,GFRA1,TXNDC12,TMPO,ACTN4,SERPINE2,RPS12,JAK1,DYNLT1,RPS3,CYBC1,MPDU1,ERAP1,SRPRB,SLC16A3,TMEM165,PDIA6,ARPC5,NAPRT,PLOD3,DNAJB11,PPIB,TOR1AIP1,TPP1,SGPL1,HEXA,OSTF1,ANPEP,ARSB,ITGB1,MYH9,RCN2,CLIC1,ITGAM,FLNA,AP3B1,FERMT3,ITGB2,PPT1,ANXA2,CTSZ,PYGL,PNP,LAMTOR3,SCAMP2,NCKAP1L,PDIA4,M6PR,PCSK1N,VCAM1,RANBP2,LAMTOR2,P4HB,ARRB2,LPCAT2,FKBP15,TMSB4X,CYB5R3,LMAN1,GLB1,MYO5A,STXBP2,SDF4,BIN2,MAPK14,HK2,APOE,CRELD2,PRDX6,ANXA4,EPHX1,GRN,RPLP0,EHD4,LMNB1,LRPAP1,DBI,STX8,COTL1,LAMP2,LGALS1,VAMP1,CAT,NUP107,LAMTOR1,SCG5,PCSK2,ASAH1,CST3,DHRS1,HEXB,CTSA,SCARB2,PSAP,RPS6,MYO6,ASPH,LAMP1,LGMN,MAN2B1,CTSB,WASF2,TMEM175,DNM2,ANXA3,IQGAP1,CTSD,GPC1,LAMTOR5,ITM2B,INPPL1,RRBP1,CKAP4,VPS41,ABCA1,GNS,MYO1D,CPE,ENTPD2,SCG2,B4GAT1,B2M,CLCN6,TF,GUSB,SNAP23,MVP,NRP1,THBS4,APRT,SEC24A,GJA1,PLD1,LPCAT3,GAA,MGST1,CHGB,PAM,VCL,TMEM43,NECAP2,SELENOF,MESD,LNPEP,AMPD3,RPS29,RPS23,SNX5,EZR,DDX3X,CLU,GRAMD1B,PDIA3,STX7,NHLRC3,TMEM9B,GBP2
GO:0005766	primary lysosome	0.00002923361736770031	0.00002923361736770031	+1	FABP5,DPP7,GM2A,TXNDC5,SDCBP,VAMP7,TTR,CPNE3,LPCAT1,NAPRT,HEXA,ARSB,ANXA2,CYB5R3,GLB1,STXBP2,PRDX6,GRN,LAMP2,LAMTOR1,HEXB,CTSA,PSAP,LAMP1,MAN2B1,CKAP4,GNS,GUSB,SNAP23,GAA,MGST1,STX7,NHLRC3
GO:0042582	azurophil granule	0.00002923361736770031	0.00002923361736770031	+1	FABP5,DPP7,GM2A,TXNDC5,SDCBP,VAMP7,TTR,CPNE3,LPCAT1,NAPRT,HEXA,ARSB,ANXA2,CYB5R3,GLB1,STXBP2,PRDX6,GRN,LAMP2,LAMTOR1,HEXB,CTSA,PSAP,LAMP1,MAN2B1,CKAP4,GNS,GUSB,SNAP23,GAA,MGST1,STX7,NHLRC3
GO:0031410	cytoplasmic vesicle	0.00003239384594087231	0.00003239384594087231	+1	STAMBP,CBARP,BRSK1,LGI3,CDK16,PRKCZ,ADCY8,MAP6D1,CADPS2,GPRC5B,OSBPL6,SCN8A,GABRB2,ICA1,CORO1C,FABP5,VPS39,PTPRJ,ELAVL1,CTSL,CALR,ERP29,HSPA5,PTPRN,HSP90B1,ZMPSTE24,AHSG,RABEP2,EEF1A1,LMBRD1,ATP9A,RPN1,TMED5,VGF,PCSK1,NMNAT2,DPP7,LMAN2,VPS18,PTPRN2,ITPR2,FMN2,PDLIM4,PENK,GM2A,TXNDC5,ARL8B,ALB,LRP1,S100A11,ACTN1,CSTB,SCG3,CALU,NPC1,VAMP2,SEC23B,DOP1A,PTPN6,PIP4P1,CAPG,CAV1,PTPN1,SNX17,SNX9,ARHGEF2,ANO6,SDCBP,SLC29A3,FLNB,VAMP7,WFS1,TTR,PLEKHO2,CPNE3,CAMK2D,PIP4P2,APOA1,ITIH3,SPG21,IGF2R,PGM2,CHGA,SYT11,LPCAT1,SNX3,GFRA1,ACTN4,SERPINE2,JAK1,DYNLT1,TMEM165,PDIA6,ARPC5,NAPRT,PPIB,TPP1,HEXA,OSTF1,ANPEP,ARSB,ITGB1,MYH9,ITGAM,AP3B1,FERMT3,ITGB2,PPT1,ANXA2,CTSZ,PYGL,PNP,LAMTOR3,SCAMP2,NCKAP1L,PDIA4,M6PR,PCSK1N,VCAM1,LAMTOR2,P4HB,ARRB2,ITGB5,FKBP15,TMSB4X,ARHGDIB,CYB5R3,LMAN1,GLB1,MYO5A,STXBP2,SDF4,BIN2,MAPK14,HCLS1,APOE,PRDX6,ANXA4,GRN,EHD4,LRPAP1,STX8,COTL1,LAMP2,VAMP1,CAT,LAMTOR1,SCG5,PCSK2,ASAH1,CST3,HEXB,CTSA,SCARB2,PSAP,MYO6,LAMP1,LGMN,MAN2B1,CTSB,WASF2,VIM,TMEM175,DNM2,ANXA3,IQGAP1,CTSD,GPC1,LAMTOR5,ITM2B,CKAP4,VPS41,ABCA1,GNS,MYO1D,CPE,SCG2,B2M,CLCN6,TF,GUSB,SNAP23,MVP,NRP1,APRT,SEC24A,GJA1,PLD1,GAA,MGST1,CHGB,PAM,VCL,NECAP2,LNPEP,AMPD3,SNX5,EZR,DDX3X,CLU,PDIA3,STX7,NHLRC3,TMEM9B,GBP2
GO:0097708	intracellular vesicle	0.00003922259707730496	0.00003922259707730496	+1	STAMBP,CBARP,BRSK1,LGI3,CDK16,PRKCZ,ADCY8,MAP6D1,CADPS2,GPRC5B,OSBPL6,SCN8A,GABRB2,ICA1,CORO1C,FABP5,VPS39,PTPRJ,ELAVL1,CTSL,CALR,ERP29,HSPA5,PTPRN,HSP90B1,ZMPSTE24,AHSG,RABEP2,EEF1A1,LMBRD1,ATP9A,RPN1,TMED5,VGF,PCSK1,NMNAT2,DPP7,LMAN2,VPS18,PTPRN2,ITPR2,FMN2,PDLIM4,PENK,GM2A,TXNDC5,ARL8B,ALB,LRP1,S100A11,ACTN1,CSTB,SCG3,CALU,NPC1,VAMP2,SEC23B,DOP1A,PTPN6,PIP4P1,CAPG,CAV1,PTPN1,SNX17,SNX9,ARHGEF2,ANO6,SDCBP,SLC29A3,FLNB,VAMP7,WFS1,TTR,PLEKHO2,CPNE3,CAMK2D,PIP4P2,APOA1,ITIH3,SPG21,IGF2R,PGM2,CHGA,SYT11,LPCAT1,SNX3,GFRA1,ACTN4,SERPINE2,JAK1,DYNLT1,TMEM165,PDIA6,ARPC5,NAPRT,PPIB,TPP1,HEXA,OSTF1,ANPEP,ARSB,ITGB1,MYH9,ITGAM,AP3B1,FERMT3,ITGB2,PPT1,ANXA2,CTSZ,PYGL,PNP,LAMTOR3,SCAMP2,NCKAP1L,PDIA4,M6PR,PCSK1N,VCAM1,LAMTOR2,P4HB,ARRB2,ITGB5,FKBP15,TMSB4X,ARHGDIB,CYB5R3,LMAN1,GLB1,MYO5A,STXBP2,SDF4,BIN2,MAPK14,HCLS1,APOE,PRDX6,ANXA4,GRN,EHD4,LRPAP1,STX8,COTL1,LAMP2,VAMP1,CAT,LAMTOR1,SCG5,PCSK2,ASAH1,CST3,HEXB,CTSA,SCARB2,PSAP,MYO6,LAMP1,LGMN,MAN2B1,CTSB,WASF2,VIM,TMEM175,DNM2,ANXA3,IQGAP1,CTSD,GPC1,LAMTOR5,ITM2B,CKAP4,VPS41,ABCA1,GNS,MYO1D,CPE,SCG2,B2M,CLCN6,TF,GUSB,SNAP23,MVP,NRP1,APRT,SEC24A,GJA1,PLD1,GAA,MGST1,CHGB,PAM,VCL,NECAP2,LNPEP,AMPD3,SNX5,EZR,DDX3X,CLU,PDIA3,STX7,NHLRC3,TMEM9B,GBP2
GO:0062023	collagen-containing extracellular matrix	0.00009975271704412528	0.00009975271704412528	+1	CTSL,CALR,HSP90B1,AHSG,CSPG4,CSTB,SERPINH1,S100A6,GPC4,LGALS9,APOA1,HAPLN4,TGM2,SERPINE2,S100A10,PLOD3,HTRA1,C1QC,C1QA,ANXA2,CTSZ,LMAN1,APOE,ANXA4,ANXA5,LGALS1,PSAP,CTSB,CTSD,GPC1,ENTPD2,THBS4,CD151,CLU
GO:0031012	extracellular matrix	0.0003871580728489971	0.0003871580728489971	+1	CTSL,CALR,HSP90B1,AHSG,SPOCK2,CSPG4,CSTB,SERPINH1,S100A6,GPC4,LGALS9,APOA1,HAPLN4,TGM2,SERPINE2,S100A10,PLOD3,HTRA1,C1QC,C1QA,ANXA2,CTSZ,LMAN1,APOE,ANXA4,ANXA5,LGALS1,PSAP,CTSB,CTSD,GPC1,ENTPD2,CD180,THBS4,CD151,CLU
GO:0030312	external encapsulating structure	0.0003871580728489971	0.0003871580728489971	+1	CTSL,CALR,HSP90B1,AHSG,SPOCK2,CSPG4,CSTB,SERPINH1,S100A6,GPC4,LGALS9,APOA1,HAPLN4,TGM2,SERPINE2,S100A10,PLOD3,HTRA1,C1QC,C1QA,ANXA2,CTSZ,LMAN1,APOE,ANXA4,ANXA5,LGALS1,PSAP,CTSB,CTSD,GPC1,ENTPD2,CD180,THBS4,CD151,CLU
GO:0032040	small-subunit processome	0.0009615700751729511	0.0009615700751729511	+1	RPS28,RPS14,RPS8,RPS13,RPS24,RPS3A,RPS5,RPS12,RPS9,SNU13,RPS6,RPS15A,RPS23,RPS11
GO:0005773	vacuole	0.0012045652087846331	0.0012045652087846331	+1	CRYAB,WIPI2,FABP5,PLBD2,VPS39,CTSL,CALR,EEF1A1,LMBRD1,CSPG4,DPP7,VPS18,GM2A,TXNDC5,ITM2C,ARL8B,LRP1,NPC1,PIP4P1,SLC12A4,SPNS1,SDCBP,SLC29A3,GPC4,VAMP7,TTR,CPNE3,PIP4P2,NAAA,BORCS6,SYT11,LPCAT1,TMEM165,PLA2G15,NAPRT,DAGLB,TPP1,HEXA,ANPEP,ARSB,AP3B1,PPT1,ANXA2,CTSZ,LAMTOR3,GFAP,M6PR,LAMTOR2,CYB5R3,GLB1,MYO5A,STXBP2,PRDX6,GRN,LAMP2,LAMTOR1,ACP2,ASAH1,NAGA,HEXB,CTSA,SCARB2,PSAP,MYO6,LAMP1,LGMN,MAN2B1,CTSB,TMEM175,CTSD,GPC1,LAMTOR5,CKAP4,VPS41,GNS,CLCN6,GUSB,SNAP23,PLD1,GAA,MGST1,LNPEP,CLCN7,STX7,NHLRC3,TMEM9B
GO:0015934	large ribosomal subunit	0.0012490808874097183	0.0012490808874097183	+1	RPL18,RPL27,RBM3,RPL5,RPL27A,RPL29,MRPL10,MRPL37,RPL11,RPL17,RPL19,RPL9,RPL10,RPL30,RPL12,RPLP0,RPLP1,RPLP2,NPM1
GO:0022627	cytosolic small ribosomal subunit	0.0022998514328746514	0.0022998514328746514	+1	RPS28,RPS14,RPS8,RPS13,RPS24,RPS3A,RPS5,RPS10,RPS12,RPS3,RPS20,RPS9,RPS6,RPS15A,RPS29,RPS23,DDX3X,RPS27L,RPS11
GO:0015935	small ribosomal subunit	0.0026315030960902502	0.0026315030960902502	+1	RPS28,RPS14,RPS8,RPS13,RPS24,MRPS31,RPS3A,RPS5,RPS10,RPS12,RPS3,RPS20,RPS9,RPS6,RPS15A,NPM1,RPS29,RPS23,DDX3X,RPS27L,RPS11
GO:0030684	preribosome	0.006016152390400563	0.006016152390400563	+1	RPS28,RPS14,RPS8,RPS13,RPS24,RPS3A,RPS5,RPS12,RPS9,SNU13,RPS6,RPS15A,RPS23,RPS11
GO:0022625	cytosolic large ribosomal subunit	0.006443342302483571	0.006443342302483571	+1	RPL18,RPL27,RPL5,RPL27A,RPL29,RPL11,RPL17,RPL19,RPL9,RPL10,RPL30,RPL12,RPLP0,RPLP1,RPLP2
GO:0031974	membrane-enclosed lumen	0.007927012617717192	0.007927012617717192	+1	CRTC1,DOCK8,AAGAB,STAMBP,BRSK1,TTBK1,CAMKK2,PRKCZ,ANLN,HDAC11,CRYAB,WIPI2,CADPS2,GLO1,GPRC5B,SOX10,CUEDC2,RGS6,SCN1A,HDGFL3,RPS6KB1,DGKZ,CACNB4,RPL18,RPL27,FABP5,PLBD2,GNPAT,H4C1,ACIN1,ELAVL1,RBM3,CTSL,CALR,ERP29,HSPA5,CD2AP,HNRNPU,HSP90B1,P4HA1,RPL5,SRSF7,YBX1,GATM,AHSG,EEF1A1,FKBP5,GPT2,RPS28,VGF,LIMD2,CSPG4,PCSK1,RPA2,RPS6KA1,KIFAP3,DPP7,PRPF19,SDF2L1,ITPR2,FMN2,PDLIM4,SRRM2,PENK,GM2A,TXNDC5,RPS14,OAT,MRPL10,RASSF2,BAG1,ANP32B,ALB,S100A11,CNPY3,CAVIN1,ACTN1,MBNL1,CSTB,NEK7,SCG3,CALU,RPRD1B,SERPINH1,ACSS1,SF3B1,H2BC7,PTPN6,PIP4P1,CAPG,AMT,KPNA2,RPS8,PTPN1,RPS13,CBX1,RPS24,IDE,ACTL6A,UGGT1,CD2BP2,MAGOH,MRPS31,SF3A3,SDCBP,GPC4,NUP85,GTF2F1,SF3B6,WFS1,TTR,PLEKHO2,CPNE3,CAMK2D,MRPL37,RPL11,RPL17,BLVRB,NAAA,APOA1,ALDH1L2,MANF,RNH1,HNRNPA3,ITIH3,IGF2R,PTPN12,RPS3A,RPS5,RPN2,PGM2,RPL19,CBX5,S100A16,PARP1,THRAP3,S100A13,TXNDC12,RPS10,ACTN4,SORBS1,RPS12,FMR1,DYNLT1,S100A10,RPS3,EDC4,RPS20,ERAP1,ECH1,CASP3,RPS9,SHMT2,BASP1,PLA2G15,AK2,PCNA,AGPS,PDIA6,ARPC5,SNU13,NAPRT,PLOD3,DNAJB11,PPIB,GPX1,DAGLB,TPP1,HEXA,OSTF1,ARSB,MYH9,RCN2,FLNA,FERMT3,PPT1,ANXA2,CTSZ,PYGL,PNP,HMGB2,FEN1,PDIA4,RPL12,EPB41,RANBP2,NIBAN2,P4HB,BCLAF1,ARRB2,TMSB4X,CYB5R3,GLB1,SDF4,IVNS1ABP,BIN2,MAPK14,APOE,PRDX6,PPP1R9B,PSME2,ABCD3,ILK,GRN,LMNB1,LRPAP1,DBI,COTL1,LAMP2,PSME1,LGALS1,CAT,VWA5A,NUP107,ACOX1,STAT3,ACP2,SAMHD1,PCSK2,STAT1,RGS10,ASAH1,ACADVL,CST3,SNRPB2,HEXB,CTSA,SCARB2,PSAP,ACOX3,RPS6,MYO6,HNRNPF,ASPH,LGMN,MAN2B1,CTSB,VIM,HNRNPC,GIT2,PTBP1,CTSD,ACADS,GPC1,INPPL1,DGLUCY,RBM8A,CKAP4,GNS,HDAC1,ADHFE1,CD180,SCG2,NELFE,CROT,B2M,TF,GUSB,SNAP23,EIF4A1,RBP1,MVP,APRT,GJA1,CNDP2,RPS15A,GAA,SRSF1,CHGB,DHX9,VCL,MTA2,TMEM43,SUOX,RPA1,MYCBP2,SF3A1,SELENOF,NPM1,HSD17B4,LNPEP,AMPD3,RPS29,RPS23,IRF3,EZR,DDX3X,CLU,CAD,PDIA3,NHLRC3,GBP2,RPS11
GO:0043233	organelle lumen	0.007927012617717192	0.007927012617717192	+1	CRTC1,DOCK8,AAGAB,STAMBP,BRSK1,TTBK1,CAMKK2,PRKCZ,ANLN,HDAC11,CRYAB,WIPI2,CADPS2,GLO1,GPRC5B,SOX10,CUEDC2,RGS6,SCN1A,HDGFL3,RPS6KB1,DGKZ,CACNB4,RPL18,RPL27,FABP5,PLBD2,GNPAT,H4C1,ACIN1,ELAVL1,RBM3,CTSL,CALR,ERP29,HSPA5,CD2AP,HNRNPU,HSP90B1,P4HA1,RPL5,SRSF7,YBX1,GATM,AHSG,EEF1A1,FKBP5,GPT2,RPS28,VGF,LIMD2,CSPG4,PCSK1,RPA2,RPS6KA1,KIFAP3,DPP7,PRPF19,SDF2L1,ITPR2,FMN2,PDLIM4,SRRM2,PENK,GM2A,TXNDC5,RPS14,OAT,MRPL10,RASSF2,BAG1,ANP32B,ALB,S100A11,CNPY3,CAVIN1,ACTN1,MBNL1,CSTB,NEK7,SCG3,CALU,RPRD1B,SERPINH1,ACSS1,SF3B1,H2BC7,PTPN6,PIP4P1,CAPG,AMT,KPNA2,RPS8,PTPN1,RPS13,CBX1,RPS24,IDE,ACTL6A,UGGT1,CD2BP2,MAGOH,MRPS31,SF3A3,SDCBP,GPC4,NUP85,GTF2F1,SF3B6,WFS1,TTR,PLEKHO2,CPNE3,CAMK2D,MRPL37,RPL11,RPL17,BLVRB,NAAA,APOA1,ALDH1L2,MANF,RNH1,HNRNPA3,ITIH3,IGF2R,PTPN12,RPS3A,RPS5,RPN2,PGM2,RPL19,CBX5,S100A16,PARP1,THRAP3,S100A13,TXNDC12,RPS10,ACTN4,SORBS1,RPS12,FMR1,DYNLT1,S100A10,RPS3,EDC4,RPS20,ERAP1,ECH1,CASP3,RPS9,SHMT2,BASP1,PLA2G15,AK2,PCNA,AGPS,PDIA6,ARPC5,SNU13,NAPRT,PLOD3,DNAJB11,PPIB,GPX1,DAGLB,TPP1,HEXA,OSTF1,ARSB,MYH9,RCN2,FLNA,FERMT3,PPT1,ANXA2,CTSZ,PYGL,PNP,HMGB2,FEN1,PDIA4,RPL12,EPB41,RANBP2,NIBAN2,P4HB,BCLAF1,ARRB2,TMSB4X,CYB5R3,GLB1,SDF4,IVNS1ABP,BIN2,MAPK14,APOE,PRDX6,PPP1R9B,PSME2,ABCD3,ILK,GRN,LMNB1,LRPAP1,DBI,COTL1,LAMP2,PSME1,LGALS1,CAT,VWA5A,NUP107,ACOX1,STAT3,ACP2,SAMHD1,PCSK2,STAT1,RGS10,ASAH1,ACADVL,CST3,SNRPB2,HEXB,CTSA,SCARB2,PSAP,ACOX3,RPS6,MYO6,HNRNPF,ASPH,LGMN,MAN2B1,CTSB,VIM,HNRNPC,GIT2,PTBP1,CTSD,ACADS,GPC1,INPPL1,DGLUCY,RBM8A,CKAP4,GNS,HDAC1,ADHFE1,CD180,SCG2,NELFE,CROT,B2M,TF,GUSB,SNAP23,EIF4A1,RBP1,MVP,APRT,GJA1,CNDP2,RPS15A,GAA,SRSF1,CHGB,DHX9,VCL,MTA2,TMEM43,SUOX,RPA1,MYCBP2,SF3A1,SELENOF,NPM1,HSD17B4,LNPEP,AMPD3,RPS29,RPS23,IRF3,EZR,DDX3X,CLU,CAD,PDIA3,NHLRC3,GBP2,RPS11
GO:0070013	intracellular organelle lumen	0.007927012617717192	0.007927012617717192	+1	CRTC1,DOCK8,AAGAB,STAMBP,BRSK1,TTBK1,CAMKK2,PRKCZ,ANLN,HDAC11,CRYAB,WIPI2,CADPS2,GLO1,GPRC5B,SOX10,CUEDC2,RGS6,SCN1A,HDGFL3,RPS6KB1,DGKZ,CACNB4,RPL18,RPL27,FABP5,PLBD2,GNPAT,H4C1,ACIN1,ELAVL1,RBM3,CTSL,CALR,ERP29,HSPA5,CD2AP,HNRNPU,HSP90B1,P4HA1,RPL5,SRSF7,YBX1,GATM,AHSG,EEF1A1,FKBP5,GPT2,RPS28,VGF,LIMD2,CSPG4,PCSK1,RPA2,RPS6KA1,KIFAP3,DPP7,PRPF19,SDF2L1,ITPR2,FMN2,PDLIM4,SRRM2,PENK,GM2A,TXNDC5,RPS14,OAT,MRPL10,RASSF2,BAG1,ANP32B,ALB,S100A11,CNPY3,CAVIN1,ACTN1,MBNL1,CSTB,NEK7,SCG3,CALU,RPRD1B,SERPINH1,ACSS1,SF3B1,H2BC7,PTPN6,PIP4P1,CAPG,AMT,KPNA2,RPS8,PTPN1,RPS13,CBX1,RPS24,IDE,ACTL6A,UGGT1,CD2BP2,MAGOH,MRPS31,SF3A3,SDCBP,GPC4,NUP85,GTF2F1,SF3B6,WFS1,TTR,PLEKHO2,CPNE3,CAMK2D,MRPL37,RPL11,RPL17,BLVRB,NAAA,APOA1,ALDH1L2,MANF,RNH1,HNRNPA3,ITIH3,IGF2R,PTPN12,RPS3A,RPS5,RPN2,PGM2,RPL19,CBX5,S100A16,PARP1,THRAP3,S100A13,TXNDC12,RPS10,ACTN4,SORBS1,RPS12,FMR1,DYNLT1,S100A10,RPS3,EDC4,RPS20,ERAP1,ECH1,CASP3,RPS9,SHMT2,BASP1,PLA2G15,AK2,PCNA,AGPS,PDIA6,ARPC5,SNU13,NAPRT,PLOD3,DNAJB11,PPIB,GPX1,DAGLB,TPP1,HEXA,OSTF1,ARSB,MYH9,RCN2,FLNA,FERMT3,PPT1,ANXA2,CTSZ,PYGL,PNP,HMGB2,FEN1,PDIA4,RPL12,EPB41,RANBP2,NIBAN2,P4HB,BCLAF1,ARRB2,TMSB4X,CYB5R3,GLB1,SDF4,IVNS1ABP,BIN2,MAPK14,APOE,PRDX6,PPP1R9B,PSME2,ABCD3,ILK,GRN,LMNB1,LRPAP1,DBI,COTL1,LAMP2,PSME1,LGALS1,CAT,VWA5A,NUP107,ACOX1,STAT3,ACP2,SAMHD1,PCSK2,STAT1,RGS10,ASAH1,ACADVL,CST3,SNRPB2,HEXB,CTSA,SCARB2,PSAP,ACOX3,RPS6,MYO6,HNRNPF,ASPH,LGMN,MAN2B1,CTSB,VIM,HNRNPC,GIT2,PTBP1,CTSD,ACADS,GPC1,INPPL1,DGLUCY,RBM8A,CKAP4,GNS,HDAC1,ADHFE1,CD180,SCG2,NELFE,CROT,B2M,TF,GUSB,SNAP23,EIF4A1,RBP1,MVP,APRT,GJA1,CNDP2,RPS15A,GAA,SRSF1,CHGB,DHX9,VCL,MTA2,TMEM43,SUOX,RPA1,MYCBP2,SF3A1,SELENOF,NPM1,HSD17B4,LNPEP,AMPD3,RPS29,RPS23,IRF3,EZR,DDX3X,CLU,CAD,PDIA3,NHLRC3,GBP2,RPS11
GO:0015629	actin cytoskeleton	0.030656836006454434	0.030656836006454434	+1	PRKCZ,ANLN,ADCY8,CRYAB,ABLIM1,CORO1C,PDLIM5,SWAP70,TMOD1,CD2AP,EEF1A1,LIMD2,TWF1,ABLIM2,VPS18,FMN2,PXN,PDLIM4,ACTN1,MPRIP,CAPG,SNX9,FLNB,CTTNBP2NL,TMEM63B,PTPN12,LPP,ACTN4,SORBS1,ARPC5,LCP1,MYH9,FLNA,FERMT3,ARPC1B,VCAM1,VASP,FKBP15,MYO5A,BIN2,CAPZA1,PPP1R9B,ILK,COTL1,TAGLN2,MYO6,WASF2,HNRNPC,IQGAP1,MYO1D,MYL6,TJP1,DHX9,TPM4,VCL,CNN3,SIPA1L1,EZR
GO:1990904	ribonucleoprotein complex	0.03746547795983088	0.03746547795983088	+1	LSM14B,RPL18,RPL27,ELAVL1,RBM3,CALR,HNRNPU,BTF3,RPL5,YBX1,RPL27A,RPS28,G3BP1,PRPF19,MSI1,SRRM2,RPL29,RPS14,MRPL10,SF3B1,RPS8,RPS13,RPS24,CD2BP2,MAGOH,MRPS31,SF3A3,SF3B6,MRPL37,RPL11,RPL17,HNRNPA3,RPS3A,RPS5,RPL19,CBX5,RPL9,RPL10,RPS10,ACTN4,RPS12,FMR1,RPS3,RPS20,RPS9,SNU13,RPL30,RPL12,IVNS1ABP,RPLP0,RPLP1,SNRPB2,DHRS1,RPS6,HNRNPF,VIM,HNRNPC,IQGAP1,RBM8A,RPLP2,MVP,RPS15A,SRSF1,DHX9,SF3A1,NPM1,RPS29,RPS23,DDX3X,RPS27L,RPS11
KEGG:05171	Coronavirus disease - COVID-19	3.2482863237847674e-11	3.2482863237847674e-11	+1	RPL18,RPL27,RPL5,RPL27A,RPS28,RPL29,RPS14,RPS8,RPS13,RPS24,RPL11,RPL17,RPS3A,RPS5,RPL19,RPL9,EIF2AK2,RPL10,RPS10,RPS12,JAK1,RPS3,RPS20,RPS9,RPL30,C1QC,C1QA,C1QB,RPL12,MAPK14,RPLP0,STAT3,RPLP1,STAT1,RPS6,RPLP2,NRP1,RPS15A,RPS29,RPS23,IRF3,RPS27L,RPS11,C4B
KEGG:03010	Ribosome	1.3533887638424059e-10	1.3533887638424059e-10	+1	RPL18,RPL27,RPL5,RPL27A,RPS28,RPL29,RPS14,MRPL10,RPS8,RPS13,RPS24,RPL11,RPL17,RPS3A,RPS5,RPL19,RPL9,RPL10,RPS10,RPS12,RPS3,RPS20,RPS9,RPL30,RPL12,RPLP0,RPLP1,RPS6,RPLP2,RPS15A,RPS29,RPS23,RPS27L,RPS11
KEGG:04142	Lysosome	0.00002640730877925241	0.00002640730877925241	+1	CTSL,GM2A,NPC1,IGF2R,PLA2G15,TPP1,HEXA,ARSB,AP3B1,PPT1,CTSZ,M6PR,GLB1,LAMP2,ACP2,ASAH1,NAGA,HEXB,CTSA,SCARB2,PSAP,LAMP1,LGMN,MAN2B1,CTSB,CTSD,GNS,GUSB,GAA
REAC:R-HSA-1799339	SRP-dependent cotranslational protein targeting to membrane	2.7366433427838967e-12	2.7366433427838967e-12	+1	RPL18,RPL27,SEC61A1,RPL5,RPL27A,SPCS2,RPN1,RPS28,RPL29,RPS14,RPS8,SSR4,RPS13,RPS24,RPL11,RPL17,SPCS3,RPS3A,RPS5,SSR1,RPN2,RPL19,RPL9,RPL10,RPS10,RPS12,RPS3,RPS20,SRPRB,RPS9,RPL30,RPL12,RPLP0,RPLP1,RPS6,RPLP2,RPS15A,RPS29,RPS23,RPS27L,RPS11
REAC:R-HSA-156902	Peptide chain elongation	6.447109437346696e-11	6.447109437346696e-11	+1	RPL18,RPL27,RPL5,RPL27A,EEF1A1,RPS28,RPL29,RPS14,RPS8,RPS13,RPS24,RPL11,RPL17,RPS3A,RPS5,RPL19,RPL9,RPL10,RPS10,RPS12,RPS3,RPS20,RPS9,RPL30,RPL12,RPLP0,RPLP1,RPS6,RPLP2,RPS15A,RPS29,RPS23,RPS27L,RPS11
REAC:R-HSA-156842	Eukaryotic Translation Elongation	5.561363888626424e-10	5.561363888626424e-10	+1	RPL18,RPL27,RPL5,RPL27A,EEF1A1,RPS28,RPL29,RPS14,RPS8,RPS13,RPS24,RPL11,RPL17,RPS3A,RPS5,RPL19,RPL9,RPL10,RPS10,RPS12,RPS3,RPS20,RPS9,RPL30,RPL12,RPLP0,RPLP1,RPS6,RPLP2,RPS15A,RPS29,RPS23,RPS27L,RPS11
REAC:R-HSA-192823	Viral mRNA Translation	5.859642605089451e-10	5.859642605089451e-10	+1	RPL18,RPL27,RPL5,RPL27A,RPS28,RPL29,RPS14,RPS8,RPS13,RPS24,RPL11,RPL17,RPS3A,RPS5,RPL19,RPL9,RPL10,RPS10,RPS12,RPS3,RPS20,RPS9,RPL30,RPL12,RPLP0,RPLP1,RPS6,RPLP2,RPS15A,RPS29,RPS23,RPS27L,RPS11
REAC:R-HSA-2408557	Selenocysteine synthesis	1.1807897675535544e-9	1.1807897675535544e-9	+1	RPL18,RPL27,RPL5,RPL27A,RPS28,RPL29,RPS14,RPS8,RPS13,RPS24,RPL11,RPL17,RPS3A,RPS5,RPL19,RPL9,RPL10,RPS10,RPS12,RPS3,RPS20,RPS9,RPL30,RPL12,RPLP0,RPLP1,RPS6,RPLP2,RPS15A,RPS29,RPS23,RPS27L,RPS11
REAC:R-HSA-72764	Eukaryotic Translation Termination	2.3273474659569152e-9	2.3273474659569152e-9	+1	RPL18,RPL27,RPL5,RPL27A,RPS28,RPL29,RPS14,RPS8,RPS13,RPS24,RPL11,RPL17,RPS3A,RPS5,RPL19,RPL9,RPL10,RPS10,RPS12,RPS3,RPS20,RPS9,RPL30,RPL12,RPLP0,RPLP1,RPS6,RPLP2,RPS15A,RPS29,RPS23,RPS27L,RPS11
REAC:R-HSA-6791226	Major pathway of rRNA processing in the nucleolus and cytosol	3.9609239956208815e-9	3.9609239956208815e-9	+1	RPL18,RPL27,RPL5,RPL27A,RPS28,RPL29,RPS14,RPS8,RPS13,RPS24,RPL11,RPL17,RPS3A,RPS5,RPL19,RPL9,RPL10,RPS10,RPS12,RPS3,RPS20,RPS9,SNU13,RPL30,RPL12,RPLP0,RPLP1,RPS6,RPLP2,RPS15A,RPS29,RPS23,RPS27L,RPS11
REAC:R-HSA-9633012	Response of EIF2AK4 (GCN2) to amino acid deficiency	4.492161004627693e-9	4.492161004627693e-9	+1	RPL18,RPL27,RPL5,RPL27A,RPS28,RPL29,RPS14,RPS8,RPS13,RPS24,RPL11,RPL17,RPS3A,RPS5,RPL19,RPL9,RPL10,RPS10,RPS12,RPS3,RPS20,RPS9,RPL30,RPL12,RPLP0,RPLP1,RPS6,RPLP2,RPS15A,RPS29,RPS23,RPS27L,RPS11
REAC:R-HSA-975956	Nonsense Mediated Decay (NMD) independent of the Exon Junction Complex (EJC)	8.50022537349899e-9	8.50022537349899e-9	+1	RPL18,RPL27,RPL5,RPL27A,RPS28,RPL29,RPS14,RPS8,RPS13,RPS24,RPL11,RPL17,RPS3A,RPS5,RPL19,RPL9,RPL10,RPS10,RPS12,RPS3,RPS20,RPS9,RPL30,RPL12,RPLP0,RPLP1,RPS6,RPLP2,RPS15A,RPS29,RPS23,RPS27L,RPS11
REAC:R-HSA-8868773	rRNA processing in the nucleus and cytosol	1.3367075553603511e-8	1.3367075553603511e-8	+1	RPL18,RPL27,RPL5,RPL27A,RPS28,RPL29,RPS14,RPS8,RPS13,RPS24,RPL11,RPL17,RPS3A,RPS5,RPL19,RPL9,RPL10,RPS10,RPS12,RPS3,RPS20,RPS9,SNU13,RPL30,RPL12,RPLP0,RPLP1,RPS6,RPLP2,RPS15A,RPS29,RPS23,RPS27L,RPS11
REAC:R-HSA-168273	Influenza Viral RNA Transcription and Replication	1.6388109386524195e-8	1.6388109386524195e-8	+1	RPL18,RPL27,RPL5,RPL27A,RPS28,RPL29,RPS14,RPS8,RPS13,RPS24,NUP85,GTF2F1,RPL11,RPL17,RPS3A,RPS5,RPL19,RPL9,PARP1,RPL10,RPS10,RPS12,RPS3,RPS20,RPS9,RPL30,RPL12,RANBP2,RPLP0,NUP107,RPLP1,RPS6,RPLP2,RPS15A,RPS29,RPS23,RPS27L,RPS11
REAC:R-HSA-975957	Nonsense Mediated Decay (NMD) enhanced by the Exon Junction Complex (EJC)	3.399311153790003e-8	3.399311153790003e-8	+1	RPL18,RPL27,RPL5,RPL27A,RPS28,RPL29,RPS14,RPS8,RPS13,RPS24,MAGOH,RPL11,RPL17,RPS3A,RPS5,RPL19,RPL9,RPL10,RPS10,RPS12,RPS3,RPS20,RPS9,RPL30,RPL12,RPLP0,RPLP1,RPS6,RBM8A,RPLP2,RPS15A,RPS29,RPS23,RPS27L,RPS11
REAC:R-HSA-927802	Nonsense-Mediated Decay (NMD)	3.399311153790003e-8	3.399311153790003e-8	+1	RPL18,RPL27,RPL5,RPL27A,RPS28,RPL29,RPS14,RPS8,RPS13,RPS24,MAGOH,RPL11,RPL17,RPS3A,RPS5,RPL19,RPL9,RPL10,RPS10,RPS12,RPS3,RPS20,RPS9,RPL30,RPL12,RPLP0,RPLP1,RPS6,RBM8A,RPLP2,RPS15A,RPS29,RPS23,RPS27L,RPS11
REAC:R-HSA-72312	rRNA processing	4.222857130759025e-8	4.222857130759025e-8	+1	RPL18,RPL27,RPL5,RPL27A,RPS28,RPL29,RPS14,RPS8,RPS13,RPS24,RPL11,RPL17,RPS3A,RPS5,RPL19,RPL9,RPL10,RPS10,RPS12,RPS3,RPS20,RPS9,SNU13,RPL30,RPL12,RPLP0,RPLP1,RPS6,RPLP2,RPS15A,RPS29,RPS23,RPS27L,RPS11
REAC:R-HSA-168255	Influenza Infection	4.5934786297772975e-8	4.5934786297772975e-8	+1	RPL18,RPL27,CALR,RPL5,RPL27A,RPS28,RPL29,RPS14,KPNA2,RPS8,RPS13,RPS24,NUP85,GTF2F1,RPL11,RPL17,RPS3A,RPS5,RPL19,RPL9,EIF2AK2,PARP1,RPL10,RPS10,RPS12,RPS3,RPS20,RPS9,RPL30,RPL12,RANBP2,RPLP0,NUP107,RPLP1,RPS6,RPLP2,RPS15A,RPS29,RPS23,RPS27L,RPS11
REAC:R-HSA-72689	Formation of a pool of free 40S subunits	4.569119272576434e-7	4.569119272576434e-7	+1	RPL18,RPL27,RPL5,RPL27A,RPS28,RPL29,RPS14,RPS8,RPS13,RPS24,RPL11,RPL17,RPS3A,RPS5,RPL19,RPL9,RPL10,RPS10,RPS12,RPS3,RPS20,RPS9,RPL30,RPL12,RPLP0,RPLP1,RPS6,RPLP2,RPS15A,RPS29,RPS23,RPS27L,RPS11
REAC:R-HSA-2408522	Selenoamino acid metabolism	0.0000037949281188712255	0.0000037949281188712255	+1	RPL18,RPL27,RPL5,RPL27A,RPS28,RPL29,RPS14,RPS8,RPS13,RPS24,SCLY,RPL11,RPL17,RPS3A,RPS5,RPL19,RPL9,RPL10,RPS10,RPS12,RPS3,RPS20,RPS9,RPL30,RPL12,RPLP0,RPLP1,RPS6,RPLP2,RPS15A,RPS29,RPS23,RPS27L,RPS11
REAC:R-HSA-9711097	Cellular response to starvation	0.000005046056984603793	0.000005046056984603793	+1	RPL18,RPL27,RPL5,RPL27A,RPS28,RPL29,RPS14,RPS8,RPS13,RPS24,RPL11,RPL17,RPS3A,RPS5,RPL19,RPL9,RPL10,RPS10,RPS12,RPS3,RPS20,RPS9,RPL30,LAMTOR3,RPL12,LAMTOR2,RPLP0,LAMTOR1,RPLP1,RPS6,LAMTOR5,RPLP2,RPS15A,RPS29,RPS23,RPS27L,RPS11
REAC:R-HSA-156827	L13a-mediated translational silencing of Ceruloplasmin expression	0.000005902048463277181	0.000005902048463277181	+1	RPL18,RPL27,RPL5,RPL27A,RPS28,RPL29,RPS14,RPS8,RPS13,RPS24,RPL11,RPL17,RPS3A,RPS5,RPL19,RPL9,RPL10,RPS10,RPS12,RPS3,RPS20,RPS9,RPL30,RPL12,RPLP0,RPLP1,RPS6,RPLP2,EIF4A1,RPS15A,RPS29,RPS23,RPS27L,RPS11
REAC:R-HSA-72706	GTP hydrolysis and joining of the 60S ribosomal subunit	0.0000090869760777122	0.0000090869760777122	+1	RPL18,RPL27,RPL5,RPL27A,RPS28,RPL29,RPS14,RPS8,RPS13,RPS24,RPL11,RPL17,RPS3A,RPS5,RPL19,RPL9,RPL10,RPS10,RPS12,RPS3,RPS20,RPS9,RPL30,RPL12,RPLP0,RPLP1,RPS6,RPLP2,EIF4A1,RPS15A,RPS29,RPS23,RPS27L,RPS11
REAC:R-HSA-6798695	Neutrophil degranulation	0.000013086085297219713	0.000013086085297219713	+1	FABP5,PTPRJ,AHSG,EEF1A1,DPP7,PTPRN2,GM2A,TXNDC5,S100A11,CSTB,PTPN6,ANO6,SDCBP,TTR,PLEKHO2,CPNE3,IGF2R,PGM2,LPCAT1,DYNLT1,ARPC5,NAPRT,OSTF1,ANPEP,ARSB,ITGAM,ITGB2,ANXA2,CTSZ,PYGL,PNP,LAMTOR3,NCKAP1L,LAMTOR2,CYB5R3,GLB1,BIN2,MAPK14,PRDX6,GRN,COTL1,LAMP2,CAT,LAMTOR1,ASAH1,CST3,HEXB,CTSA,PSAP,LAMP1,MAN2B1,CTSB,IQGAP1,CTSD,CKAP4,GNS,B2M,GUSB,SNAP23,MVP,APRT,PLD1,GAA,MGST1,VCL,AMPD3,DDX3X,NHLRC3
REAC:R-HSA-72613	Eukaryotic Translation Initiation	0.00006836781935457071	0.00006836781935457071	+1	RPL18,RPL27,RPL5,RPL27A,RPS28,RPL29,RPS14,RPS8,RPS13,RPS24,RPL11,RPL17,RPS3A,RPS5,RPL19,RPL9,RPL10,RPS10,RPS12,RPS3,RPS20,RPS9,RPL30,RPL12,RPLP0,RPLP1,RPS6,RPLP2,EIF4A1,RPS15A,RPS29,RPS23,RPS27L,RPS11
REAC:R-HSA-72737	Cap-dependent Translation Initiation	0.00006836781935457071	0.00006836781935457071	+1	RPL18,RPL27,RPL5,RPL27A,RPS28,RPL29,RPS14,RPS8,RPS13,RPS24,RPL11,RPL17,RPS3A,RPS5,RPL19,RPL9,RPL10,RPS10,RPS12,RPS3,RPS20,RPS9,RPL30,RPL12,RPLP0,RPLP1,RPS6,RPLP2,EIF4A1,RPS15A,RPS29,RPS23,RPS27L,RPS11
REAC:R-HSA-9735869	SARS-CoV-1 modulates host translation machinery	0.0001626302354498441	0.0001626302354498441	+1	EEF1A1,RPS28,RPS14,RPS8,RPS13,RPS24,RPS3A,RPS5,RPS10,RPS12,RPS3,RPS20,RPS9,RPS6,RPS15A,RPS29,RPS23,RPS27L,RPS11
REAC:R-HSA-114608	Platelet degranulation 	0.0011774950188038645	0.0011774950188038645	+1	PFN1,PLEK,HSPA5,AHSG,ALB,ACTN1,SCG3,CALU,APOA1,MANF,ITIH3,ACTN4,FLNA,FERMT3,TLN1,TMSB4X,STXBP2,ANXA5,LAMP2,TAGLN2,PSAP,TF,VCL,CLU
REAC:R-HSA-9010553	Regulation of expression of SLITs and ROBOs	0.0026609560980528878	0.0026609560980528878	+1	RPL18,RPL27,RPL5,RPL27A,RPS28,MSI1,RPL29,RPS14,RPS8,RPS13,RPS24,MAGOH,RPL11,RPL17,RPS3A,RPS5,RPL19,RPL9,RPL10,RPS10,RPS12,RPS3,RPS20,RPS9,RPL30,RPL12,PSME2,RPLP0,PSME1,RPLP1,RPS6,RBM8A,RPLP2,RPS15A,RPS29,RPS23,RPS27L,RPS11
REAC:R-HSA-9694516	SARS-CoV-2 Infection	0.007833882134993477	0.007833882134993477	+1	VPS39,CTSL,RPN1,RPS28,G3BP1,VPS18,RPS14,STT3A,PTPN6,KPNA2,RPS8,CAV1,RPS13,RPS24,ANO6,GPC4,NUP85,RPS3A,RPS5,RPN2,RPS10,RPS12,JAK1,RPS3,RPS20,RPS9,RANBP2,NUP107,STAT1,RPS6,GPC1,VPS41,B2M,NRP1,SEC24A,GJA1,TJP1,RPS15A,RPS29,RPS23,IRF3,RPS27L,RPS11
REAC:R-HSA-9692914	SARS-CoV-1-host interactions	0.010287504383595858	0.010287504383595858	+1	EEF1A1,RPS28,RPS14,KPNA2,RPS8,CAV1,RPS13,RPS24,RPS3A,RPS5,RPS10,RPS12,RPS3,RPS20,RPS9,PPIB,RPS6,RPS15A,NPM1,RPS29,RPS23,IRF3,RPS27L,RPS11
REAC:R-HSA-76005	Response to elevated platelet cytosolic Ca2+	0.010287504383595858	0.010287504383595858	+1	PFN1,PLEK,HSPA5,AHSG,ALB,ACTN1,SCG3,CALU,APOA1,MANF,ITIH3,ACTN4,FLNA,FERMT3,TLN1,TMSB4X,STXBP2,ANXA5,LAMP2,TAGLN2,PSAP,TF,VCL,CLU
REAC:R-HSA-168256	Immune System	0.013488143435779873	0.013488143435779873	+1	FBXL16,UBE3B,HECW2,FABP5,SEC61A1,PTPRJ,CTSL,CALR,HSPA5,HSP90B1,AHSG,EEF1A1,RPS6KA1,KIFAP3,DPP7,PTPRN2,ITPR2,GM2A,TXNDC5,S100A11,CNPY3,CSTB,VAMP2,ATOX1,PTPN6,KPNA2,PTPN1,ANO6,RAPGEF4,SDCBP,FLNB,NUP85,VAMP7,TTR,PLEKHO2,CPNE3,CAMK2D,LGALS9,IGF2R,PTPN12,PGM2,CHGA,LPCAT1,EIF2AK2,NLRX1,CSK,JAK1,DYNLT1,ERAP1,CASP3,ARPC5,NAPRT,LCP1,OSTF1,ANPEP,ARSB,ITGB1,MYH9,ITGAM,FLNA,C1QC,C1QA,ITGB2,ANXA2,CTSZ,PYGL,PNP,ARPC1B,ELMO1,LAMTOR3,NCKAP1L,VCAM1,RANBP2,LAMTOR2,VASP,P4HB,ITGB5,MSN,CYB5R3,GLB1,MYO5A,STXBP2,BIN2,MAPK14,CAPZA1,PRDX6,PSME2,GRN,RPLP0,LMNB1,COTL1,LAMP2,PSME1,CAT,NUP107,LAMTOR1,STAT3,SAMHD1,STAT1,ASAH1,CST3,HEXB,CTSA,PSAP,HNRNPF,LAMP1,LGMN,EVL,MAN2B1,CTSB,WASF2,VIM,DNM2,IQGAP1,CTSD,INPPL1,CKAP4,GNS,CD180,B2M,GUSB,SNAP23,EIF4A1,MVP,APRT,SEC24A,PLD1,GAA,MGST1,DHX9,VCL,LNPEP,AMPD3,IRF3,DDX3X,CLU,PDIA3,NHLRC3,GBP2,C4B
REAC:R-HSA-168249	Innate Immune System	0.014294986760628884	0.014294986760628884	+1	FABP5,PTPRJ,CTSL,HSP90B1,AHSG,EEF1A1,RPS6KA1,DPP7,PTPRN2,ITPR2,GM2A,TXNDC5,S100A11,CNPY3,CSTB,ATOX1,PTPN6,ANO6,SDCBP,TTR,PLEKHO2,CPNE3,IGF2R,PGM2,CHGA,LPCAT1,NLRX1,DYNLT1,ARPC5,NAPRT,OSTF1,ANPEP,ARSB,MYH9,ITGAM,C1QC,C1QA,ITGB2,ANXA2,CTSZ,PYGL,PNP,ARPC1B,ELMO1,LAMTOR3,NCKAP1L,LAMTOR2,CYB5R3,GLB1,MYO5A,BIN2,MAPK14,CAPZA1,PRDX6,PSME2,GRN,COTL1,LAMP2,PSME1,CAT,LAMTOR1,ASAH1,CST3,HEXB,CTSA,PSAP,LAMP1,LGMN,MAN2B1,CTSB,WASF2,DNM2,IQGAP1,CTSD,CKAP4,GNS,CD180,B2M,GUSB,SNAP23,MVP,APRT,PLD1,GAA,MGST1,DHX9,VCL,AMPD3,IRF3,DDX3X,CLU,NHLRC3,C4B
REAC:R-HSA-9705683	SARS-CoV-2-host interactions	0.014621822658569863	0.014621822658569863	+1	VPS39,RPS28,G3BP1,VPS18,RPS14,PTPN6,KPNA2,RPS8,CAV1,RPS13,RPS24,NUP85,RPS3A,RPS5,RPS10,RPS12,JAK1,RPS3,RPS20,RPS9,RANBP2,NUP107,STAT1,RPS6,VPS41,B2M,SEC24A,GJA1,TJP1,RPS15A,RPS29,RPS23,IRF3,RPS27L,RPS11
REAC:R-HSA-9754678	SARS-CoV-2 modulates host translation machinery	0.015363302020687017	0.015363302020687017	+1	RPS28,RPS14,RPS8,RPS13,RPS24,RPS3A,RPS5,RPS10,RPS12,RPS3,RPS20,RPS9,RPS6,RPS15A,RPS29,RPS23,RPS27L,RPS11
REAC:R-HSA-381426	Regulation of Insulin-like Growth Factor (IGF) transport and uptake by Insulin-like Growth Factor Binding Proteins (IGFBPs)	0.026023786001379747	0.026023786001379747	+1	HSP90B1,AHSG,VGF,PENK,ALB,SCG3,CALU,WFS1,APOA1,PDIA6,P4HB,APOE,LGALS1,CST3,CKAP4,SCG2,TF,CHGB
REAC:R-HSA-8957275	Post-translational protein phosphorylation	0.026023786001379747	0.026023786001379747	+1	HSP90B1,AHSG,VGF,PENK,ALB,SCG3,CALU,WFS1,APOA1,PDIA6,P4HB,APOE,LGALS1,CST3,CKAP4,SCG2,TF,CHGB
REAC:R-HSA-1474290	Collagen formation	0.028819209627444185	0.028819209627444185	+1	CTSL,P4HA1,SERPINH1,PLOD3,PPIB,ITGA6,P4HB,CTSB,PLEC,CD151
REAC:R-HSA-376176	Signaling by ROBO receptors	0.029557180061799956	0.029557180061799956	+1	RPL18,RPL27,PFN1,RPL5,RPL27A,RPS28,MSI1,RPL29,RPS14,RPS8,RPS13,RPS24,MAGOH,RPL11,RPL17,RPS3A,RPS5,RPL19,RPL9,RPL10,RPS10,RPS12,RPS3,RPS20,RPS9,RPL30,RPL12,VASP,PSME2,RPLP0,PSME1,RPLP1,RPS6,EVL,GPC1,RBM8A,RPLP2,NRP1,RPS15A,RPS29,RPS23,RPS27L,RPS11
WP:WP477	Cytoplasmic ribosomal proteins	1.3533887638424059e-10	1.3533887638424059e-10	+1	RPS6KB1,RPL18,RPL27,RPL5,RPL27A,RPS28,RPS6KA1,RPL29,RPS14,RPS8,RPS13,RPS24,RPL11,RPL17,RPS3A,RPS5,RPL19,RPL9,RPL10,RPS10,RPS12,RPS3,RPS20,RPS9,RPL30,RPL12,RPLP0,RPLP1,RPS6,RPLP2,RPS15A,RPS29,RPS23,RPS11
WP:WP3945	TYROBP causal network in microglia	0.005103984200752293	0.005103984200752293	+1	PLEK,RPS6KA1,CAPG,GPX1,ITGAM,C1QC,ITGB2,NCKAP1L,FKBP15,BIN2,HCLS1